update_step,actor_loss,critic_loss,entropy,alpha
0,0.00012561914045363664,60.29902172088623,1.4175001561641694,
1,0.0003375933622010052,44.60146083831787,1.4145219922065735,
2,0.0002637324621900916,43.89090576171875,1.413237178325653,
3,0.000559280754532665,44.785639953613284,1.4155497193336486,
4,0.0013233345234766603,44.0383825302124,1.4161032617092133,
5,0.00046693747863173484,42.3304666519165,1.415281057357788,
6,0.000369025650434196,44.78227577209473,1.4167820751667022,
7,0.000816802738700062,42.54027900695801,1.4179733991622925,
8,-6.160684861242772e-05,43.08306751251221,1.4210243821144104,
9,0.0013038610166404396,42.96381855010986,1.422150546312332,
10,0.001250770819024183,41.5556718826294,1.422151756286621,
11,0.0007130618207156659,41.4834285736084,1.4223625004291534,
12,0.0004843557660933584,38.49928970336914,1.422855669260025,
13,-0.0013590141345048324,38.9352502822876,1.4247935116291046,
14,0.0013776457170024514,41.05918884277344,1.42515230178833,
15,0.0012867616023868322,38.659427642822266,1.4256071865558624,
16,-0.00011402526870369911,39.62757244110107,1.4266223311424255,
17,-0.0015684739948483184,38.11418895721435,1.4278514981269836,
18,0.00014679436280857773,37.2423189163208,1.4284436225891113,
19,-0.0012337966356426478,37.52638530731201,1.4298308074474335,
20,-0.00422368993749842,36.565062522888184,1.4311204373836517,
21,-0.006347947107860819,34.48010902404785,1.4312937438488007,
22,-0.005980141594773158,34.19411392211914,1.4328315317630769,
23,-0.004409085353836417,34.080078125,1.4336717545986175,
24,-0.007960843603359535,33.6447021484375,1.434754455089569,
25,-0.006616080563981086,33.88272132873535,1.4386646449565887,
26,-0.0012742804363369941,35.010442924499515,1.4413523197174072,
27,0.0032725355122238398,34.261698150634764,1.4409093856811523,
28,0.00213935551000759,34.09289321899414,1.443470984697342,
29,-0.0012336441781371833,35.53189563751221,1.4449689745903016,
30,-0.0007215288467705249,35.770329284667966,1.442035621404648,
31,0.00011088958708569408,35.123534965515134,1.4403675734996795,
32,0.002239235769957304,35.02093849182129,1.436238181591034,
33,0.001802246505394578,34.61442337036133,1.4326735198497773,
34,0.0014742456376552581,34.55572986602783,1.430008441209793,
35,0.0008118775207549333,35.75607528686523,1.429136037826538,
36,-0.00044401902705430983,35.768012046813965,1.4305262207984923,
37,-0.0038243422051891683,35.623578262329104,1.4297403633594512,
38,0.0008571475744247436,34.00788536071777,1.429127275943756,
39,6.519859307445586e-05,33.421896362304686,1.4307825982570648,
40,-0.0008614119462436066,34.22525691986084,1.4312591791152953,
41,0.0021227429155260325,32.46694412231445,1.4317059636116027,
42,0.0007918090326711535,30.321197032928467,1.432564228773117,
43,9.799214312806725e-05,29.623173904418945,1.4334146142005921,
44,0.0004478342569200322,28.535805797576906,1.433727151155472,
45,0.001575228665024042,29.287933540344238,1.434313064813614,
46,0.00041558053344488145,27.78755912780762,1.434078460931778,
47,0.00023094182834029197,25.945817470550537,1.4316682934761047,
48,-0.0008391619776375592,25.75065803527832,1.4288001120090486,
49,-0.0021941504906862973,26.406687641143797,1.4297321736812592,
50,-0.0016389748285291716,25.97624988555908,1.4302932977676392,
51,7.212383206933737e-05,24.96419162750244,1.4295152604579926,
52,0.0008514670247677713,26.603409004211425,1.4296105325222015,
53,-0.001133346650749445,24.182431125640868,1.4292149007320405,
54,-0.0072891706484369935,22.987039661407472,1.4279049217700959,
55,-0.00354839947540313,24.167525959014892,1.4266038537025452,
56,-0.0021248871460556986,26.114361095428468,1.4263402581214906,
57,0.0003315765643492341,21.788470458984374,1.4264102160930634,
58,0.00019556931219995023,21.031668758392335,1.4263104677200318,
59,0.0011279195256065576,19.86786460876465,1.426382267475128,
60,2.4724891409277917e-05,20.405525779724123,1.4263321042060852,
61,0.000409822934307158,18.645882987976073,1.4254855990409852,
62,2.276289742439985e-05,18.208294677734376,1.4242070019245148,
63,0.0005716655810829252,19.31131057739258,1.4232613384723662,
64,0.0006127984321210534,16.43300175666809,1.4227883696556092,
65,0.0006263608112931252,17.9020085811615,1.4224002420902253,
66,0.0001369727815472288,15.269145250320435,1.4224574208259582,
67,0.0008668760769069195,16.267510747909547,1.4217564582824707,
68,0.0017575023724930362,14.611651277542114,1.4214695513248443,
69,-0.0007655960042029619,14.994722986221314,1.4208201944828034,
70,0.002213384197148116,20.189283847808838,1.4213426887989045,
71,0.0004256555577740073,20.345541381835936,1.4215798318386077,
72,0.0002407205291092396,14.697768354415894,1.421490478515625,
73,0.0012621224159374833,20.039151763916017,1.421454656124115,
74,1.233578659594059e-05,13.90917091369629,1.42153297662735,
75,-0.0011783894617110491,16.86265363693237,1.4213229596614838,
76,-9.878144192043692e-05,20.862437057495118,1.4214342832565308,
77,-5.4780859500169754e-05,24.592293071746827,1.4218770503997802,
78,0.00015221084468066692,35.05987911224365,1.4220729649066925,
79,0.0006272899161558598,22.85177001953125,1.4223214387893677,
80,-0.0012429590336978436,27.901239013671876,1.4224315762519837,
81,-0.0005489880612003617,16.371623039245605,1.4229175269603729,
82,0.000491283624432981,29.410487270355226,1.423619532585144,
83,0.0005140152294188738,38.36108293533325,1.4237544119358063,
84,0.0007358367787674069,47.8332935333252,1.4239064574241638,
85,0.0005452069570310413,27.226355457305907,1.4240860223770142,
86,0.000711124634835869,33.27411508560181,1.4239716291427613,
87,1.1637527495622636e-05,12.073662805557252,1.4238850593566894,
88,3.2543938141316174e-05,22.075732374191283,1.4240673661231995,
89,-3.793328069150448e-05,24.501331043243407,1.4239919543266297,
90,0.0002622395288199186,24.70330090522766,1.423934930562973,
91,0.0008142131904605776,28.07097797393799,1.4238166451454162,
92,0.000467619439586997,20.383510494232176,1.4238696694374084,
93,-0.00023377158213406802,21.02570571899414,1.423970526456833,
94,0.0003229823894798756,50.8490403175354,1.424244236946106,
95,0.00020988229662179946,36.798470687866214,1.4245770931243897,
96,0.0009316282870713621,45.16435489654541,1.4247573494911194,
97,0.0001845383405452594,31.45826349258423,1.4248346447944642,
98,0.00010721184662543237,44.641936492919925,1.424948114156723,
99,0.0007463268004357815,47.771073722839354,1.4252249658107758,
100,7.189195603132247e-05,40.9573055267334,1.425316470861435,
101,0.0010498263640329243,13.584635758399964,1.4253060162067412,
102,0.0001541762045235373,42.877339363098145,1.4256122350692748,
103,-7.090027356753126e-05,14.616477441787719,1.4259145438671113,
104,0.0007802418433129788,14.10507516860962,1.4263408482074738,
105,0.0004399643978103995,20.055164337158203,1.426526802778244,
106,-0.0002763519063591957,45.96193008422851,1.4268797159194946,
107,0.0003886861853970913,14.731014299392701,1.4271805822849273,
108,-0.002547768410295248,8.03569700717926,1.4272713482379913,
109,-0.00046903081238269806,19.22367730140686,1.4263279736042023,
110,-0.0008301945694256574,23.31899299621582,1.425850474834442,
111,0.0022230684524402024,18.58333578109741,1.4256951808929443,
112,2.7117195713799447e-05,17.114704275131224,1.4259486556053163,
113,0.001505750510841608,19.346581363677977,1.425912207365036,
114,-0.00011978852562606334,23.082102298736572,1.4254983723163606,
115,0.0011794212274253368,30.91174182891846,1.4251545667648315,
116,0.00039898622781038285,22.644576454162596,1.4248786866664886,
117,0.0010066028567962348,26.906653499603273,1.4248224079608918,
118,0.00021938877180218696,17.908794021606447,1.42470862865448,
119,-8.813033491605893e-05,33.739970684051514,1.4249419867992401,
120,0.002124990988522768,11.579612731933594,1.425021916627884,
121,0.0004770073399413377,33.36127281188965,1.4255281567573548,
122,-3.7034833803772925e-05,32.29158096313476,1.4260796308517456,
123,-0.0003527194261550903,28.608802604675294,1.4264992773532867,
124,-0.0008611701428890228,14.192375111579896,1.4268527686595918,
125,-0.00025361189618706704,12.915774583816528,1.4270862936973572,
126,0.0001228204695507884,31.349187469482423,1.4268574059009551,
127,0.0008886265932233073,17.232747936248778,1.4268540263175964,
128,8.311083074659109e-05,17.804288578033447,1.4269861042499543,
129,0.0008430785499513149,9.734827089309693,1.4267684936523437,
130,0.0013596033910289406,24.317355155944824,1.4269341349601745,
131,0.002488696190266637,13.171073627471923,1.4272175908088685,
132,-1.055002212524414e-06,15.898987674713135,1.4273765861988068,
133,2.295016311109066e-05,14.453479480743407,1.4273317217826844,
134,0.00030445471056737004,17.1037034034729,1.4275416672229766,
135,0.0018629739992320538,13.438809537887574,1.4280825555324554,
136,0.0005349630329874345,10.516903495788574,1.4282338321208954,
137,0.0003382101655006409,21.957772541046143,1.4282327890396118,
138,0.0007585605839267373,25.508734512329102,1.4284353315830232,
139,0.000770525704137981,25.35291290283203,1.428496241569519,
140,0.00041631960775703194,15.56232967376709,1.4286261200904846,
141,0.00013621813850477337,18.519029140472412,1.4287148773670197,
142,-0.000293540651910007,15.578583240509033,1.4286144614219665,
143,0.00010618335800245404,18.64325647354126,1.4288653314113617,
144,0.00023640801664441823,16.293793201446533,1.4292573988437653,
145,-0.0008655265337438323,21.8734393119812,1.4290865123271943,
146,0.0002630253089591861,24.690869331359863,1.4292950689792634,
147,-0.00011665811762213707,21.538187408447264,1.4293120145797729,
148,-1.616275403648615e-05,14.256522130966186,1.429182517528534,
149,0.0008804215583950281,12.799021434783935,1.42931587100029,
150,0.00042884722352027894,10.405844140052796,1.4296325385570525,
151,0.00016118550738610792,20.01901521682739,1.4299076557159425,
152,-2.417332143522799e-05,12.29633207321167,1.429620772600174,
153,0.00018433238146826626,6.786841583251953,1.42886124253273,
154,0.0009622227371437475,13.795824432373047,1.4282931804656982,
155,-0.0040859450527932495,10.455496549606323,1.4278451681137085,
156,0.0016089919954538345,6.246708226203919,1.4272177457809447,
157,0.0006825623480835929,7.810463809967041,1.4272063851356507,
158,0.00041694976389408114,17.756074905395508,1.427365130186081,
159,0.0008363438304513693,13.309455585479736,1.427606749534607,
160,0.0011179478700796609,14.22015905380249,1.427466493844986,
161,0.0004344057815615088,15.414857769012452,1.4274625122547149,
162,0.0010056639555841684,14.776392507553101,1.427837425470352,
163,0.00040576946921646597,9.799593138694764,1.4283250987529754,
164,0.00023197047412395477,17.73560209274292,1.4285220444202422,
165,0.0020886089419946074,4.4773163318634035,1.4289104998111726,
166,0.0006410660222172737,1.4047242164611817,1.4302218437194825,
167,-0.004864628569339402,1.0805104404687882,1.4333355724811554,
168,0.002284104953287169,0.7952730894088745,1.4333663702011108,
169,-0.006143388729833532,0.6179774224758148,1.4333685994148255,
170,0.0001937948283739388,0.6717549175024032,1.4323942482471466,
171,5.856761708855629e-05,0.6688315272331238,1.4310959815979003,
172,0.000828086631372571,0.631421422958374,1.4265129685401916,
173,0.0025065651163458822,0.5922159224748611,1.425015789270401,
174,0.00041581321856938304,0.5725836604833603,1.422121125459671,
175,0.002779113764700014,0.7231894880533218,1.4191616594791412,
176,0.0012417578138411046,1.305465865135193,1.4160062789916992,
177,-0.001007289974950254,1.61081503033638,1.4129383087158203,
178,-6.848108023405075e-06,4.737929368019104,1.4097951471805572,
179,0.0006069739349186421,7.16138858795166,1.4085706710815429,
180,0.0010782476980239152,9.117445707321167,1.4084588885307312,
181,-4.302128218114376e-05,5.902276778221131,1.4088335633277893,
182,0.00013686902530025692,8.878290104866029,1.40793616771698,
183,0.0022326963022351264,11.143305778503418,1.4069067597389222,
184,-0.0007947454112581908,12.181661605834961,1.4062145352363586,
185,0.0011461980640888215,38.675265884399415,1.4062246263027192,
186,-0.0005630911095067858,31.135018062591552,1.4062202870845795,
187,-0.001688627248222474,57.244649696350095,1.4067146539688111,
188,-0.00016749389469623567,72.82692470550538,1.4071338534355164,
189,0.0006536379456520081,100.05413436889648,1.4076128661632539,
190,0.0011593170464038848,63.15337982177734,1.4078309178352355,
191,0.0006757034105248749,95.20276756286621,1.4080197513103485,
192,4.698196426033973e-06,70.19565849304199,1.40789275765419,
193,0.0006901873690367211,92.88636779785156,1.4077624082565308,
194,0.000301560340449214,58.4327486038208,1.407848697900772,
195,0.0005029350402764976,73.05023670196533,1.4081815600395202,
196,0.0005324762198142708,66.6231918334961,1.4084589421749114,
197,0.00193791463971138,61.12268829345703,1.408349597454071,
198,-0.00020150142154307105,9.942220783233642,1.407812774181366,
199,0.00037498680540011265,16.877401781082153,1.4082891464233398,
200,0.0011948552215471863,5.489765000343323,1.4085758924484253,
201,-0.00023527115408796817,7.964567470550537,1.408782386779785,
202,0.0013302188832312821,13.31515793800354,1.408745914697647,
203,-0.0031082696747034787,4.701939225196838,1.4090093314647674,
204,-0.0030338148586452006,16.510509395599364,1.4095865190029144,
205,-0.003968206443823874,24.13164405822754,1.4100692212581634,
206,0.0017430855659767985,28.52909450531006,1.4103828489780426,
207,0.000238743145018816,21.653981161117553,1.410994827747345,
208,0.0008423840321484022,17.51625657081604,1.4112082839012146,
209,7.106620178092271e-05,15.063912487030029,1.411143171787262,
210,-0.005498567220638506,2.804698038101196,1.4113903284072875,
211,-0.04383263623749371,2.476215672492981,1.4129953503608703,
212,-0.003725639032199979,7.680131185054779,1.416709977388382,
213,-0.00025944409426301716,1.6223285913467407,1.416661536693573,
214,0.002992176357656717,1.1212693989276885,1.4149814903736115,
215,0.002628859403193928,0.9884532392024994,1.4161327183246613,
216,0.0013326769789273386,0.7221496909856796,1.4153041779994964,
217,-0.014164913212880492,0.5743475168943405,1.4138352036476136,
218,-0.0017536965140607208,0.36558625400066375,1.4143969655036925,
219,0.0005740444253206078,0.3772967457771301,1.4186087846755981,
220,-0.001163007237482816,12.066659927368164,1.4192471742630004,
221,0.001646727812476456,3.5216225922107696,1.4194474816322327,
222,0.0003713937010616064,7.521552324295044,1.4203526377677917,
223,0.0008998395409435034,11.706700563430786,1.4209847450256348,
224,0.0007186451039160602,16.095650005340577,1.4212302446365357,
225,0.0003086305223405361,27.45524673461914,1.4213276982307435,
226,0.00021597417071461678,41.63186054229736,1.4213986456394196,
227,0.0005262776277959347,32.904580402374265,1.4215098321437836,
228,0.0009606925188563765,29.53770694732666,1.4213629245758057,
229,0.0013499893713742495,27.48934335708618,1.4208445072174072,
230,-3.4053879790008065e-05,39.266213989257814,1.4206390142440797,
231,-0.0038426297716796396,38.56005363464355,1.421222198009491,
232,-0.0007904016587417573,66.782594871521,1.4215676724910735,
233,0.0001977457432076335,54.91964817047119,1.4217774748802186,
234,3.5112392652081326e-05,57.901980590820315,1.421990120410919,
235,0.002045039855875075,47.23557262420654,1.4223174095153808,
236,0.00020152435172349215,40.352387237548825,1.4226382553577424,
237,0.0015928205102682114,26.945641803741456,1.4228347778320312,
238,0.0007064757402986289,48.08100070953369,1.422986376285553,
239,0.0004516301676630974,61.90991649627686,1.4230648577213287,
240,0.00022892963606864215,45.13669834136963,1.4233488857746124,
241,-4.816842265427112e-05,55.204058456420896,1.4241529703140259,
242,0.00020117107778787612,56.431943321228026,1.4249291360378264,
243,0.0006874666200019419,61.81369819641113,1.4252318561077117,
244,-0.0008709169866051525,42.97797870635986,1.4264814615249635,
245,-0.003337521362118423,49.44978351593018,1.4341324985027313,
246,0.0006556131178513169,45.5979808807373,1.4370870113372802,
247,-0.00010237679816782475,60.90799522399902,1.4392601907253266,
248,-0.005802220641635358,50.45953025817871,1.4420846581459046,
249,-0.0027019821689464154,70.5825122833252,1.4456950724124908,
250,-0.00830187085084617,61.562021827697755,1.4482985377311706,
251,-0.0023423738311976194,75.27869606018066,1.4502259731292724,
252,0.000632922351360321,107.16812438964844,1.4482187986373902,
253,-0.00012027866905555129,97.01399574279785,1.4504275858402251,
254,0.00038498858921229837,88.02166175842285,1.453333282470703,
255,-0.006199330312665552,93.31777305603028,1.4566810131072998,
256,0.0006456715054810047,79.92246284484864,1.461352002620697,
257,0.00045387526974423055,84.22537727355957,1.46683429479599,
258,-0.00012184720253571868,71.4215877532959,1.4688005447387695,
259,-0.0023899119812995197,74.21327285766601,1.4672569036483765,
260,-0.0029698334092245204,55.00171394348145,1.4698127269744874,
261,3.737625083886087e-05,52.41903247833252,1.4733395099639892,
262,0.00019714483059942722,48.52581577301025,1.4769428849220276,
263,0.0007058028131723404,46.953005981445315,1.482875156402588,
264,0.0001114778919145465,41.8613468170166,1.4833597600460053,
265,0.00033952463418245314,35.56850738525391,1.4850576400756836,
266,-0.0003090728481765836,35.80955257415771,1.4887062966823579,
267,0.0005810997914522886,28.281199169158935,1.490474706888199,
268,0.00037052594125270845,30.594095993041993,1.4902865827083587,
269,0.00035558307863539087,35.41206932067871,1.4922266960144044,
270,-0.0006903149653226138,28.691494846343993,1.4929359912872315,
271,-0.0014994516095612198,23.961189460754394,1.493574172258377,
272,0.000850741472095251,23.66411066055298,1.4951871693134309,
273,9.824433363974095e-05,25.489342498779298,1.4959691166877747,
274,0.002011371869593859,20.279556655883788,1.4965590059757232,
275,-0.0005459397798404098,19.52661876678467,1.4974225759506226,
276,2.748172264546156e-05,20.567104148864747,1.4977467238903046,
277,0.00031367018818855285,20.273101329803467,1.498894637823105,
278,0.0014158074540318922,18.993986892700196,1.5003998279571533,
279,0.00013049943372607232,17.964327812194824,1.501582396030426,
280,0.0009667759281001054,17.467542457580567,1.5026998817920685,
281,0.0001237524440512061,19.5523099899292,1.503280633687973,
282,0.0005152305238880217,24.828843212127687,1.504055392742157,
283,0.0002458092465531081,25.374106407165527,1.505018413066864,
284,-0.0002503047770005651,21.54339208602905,1.5048436582088471,
285,-0.0002714505506446585,16.92077765464783,1.5058872640132903,
286,-0.00025233025662600993,14.86738657951355,1.5071663320064546,
287,0.001562684855889529,14.654896306991578,1.5079301953315736,
288,0.000568713853135705,15.682549095153808,1.5085937201976776,
289,6.58426433801651e-05,13.935581731796265,1.509199893474579,
290,0.0016994415316730737,11.131226396560669,1.5106837511062623,
291,0.00037557964533334597,12.516471338272094,1.5115777373313903,
292,0.00048704505898058417,13.179837083816528,1.5117609202861786,
293,2.0691973622888328e-05,12.1592191696167,1.5116745293140412,
294,0.0009199844822433079,13.706969833374023,1.5122750341892242,
295,0.00026853566523641346,9.955011749267578,1.5128532946109772,
296,0.0006192757282406092,11.03320598602295,1.5129085600376129,
297,0.001022621098672971,8.707464599609375,1.5126980304718018,
298,0.0012671226868405938,9.904536294937134,1.512645310163498,
299,0.0011662458069622516,10.621857500076294,1.5126267671585083,
300,-4.406168591231108e-05,10.236642026901245,1.512415313720703,
301,0.0009606045903638005,9.234858226776122,1.5126770675182342,
302,0.0006693838018691167,9.894242429733277,1.5125849008560182,
303,0.0002619480714201927,8.225733542442322,1.5119261562824249,
304,0.00037464490160346033,7.478683185577393,1.511561208963394,
305,0.000502489716745913,6.790709710121154,1.511622005701065,
306,-0.000849502650089562,6.789739823341369,1.5122839152812957,
307,0.0006326927803456783,8.168885946273804,1.513095897436142,
308,0.002105306263547391,9.996119928359985,1.5138129055500031,
309,0.00033765003172447905,10.63562183380127,1.5149498105049133,
310,-0.0007839022087864578,12.106099319458007,1.5162757575511931,
311,-0.00031574806198477747,12.040963888168335,1.5169802248477935,
312,-0.0031170111149549486,10.863629674911499,1.5174384415149689,
313,0.001203309796983376,13.756937599182129,1.5186961710453033,
314,0.00038984711281955244,14.757994461059571,1.5214721798896789,
315,0.00012337089283391832,11.256732606887818,1.5216492116451263,
316,0.0016069205245003103,13.24753670692444,1.5223144233226775,
317,0.0003896382637321949,13.739960384368896,1.5252178490161896,
318,0.00014341138667077756,17.078073692321777,1.5264083683490752,
319,0.0005281371995806694,14.45114450454712,1.5283131897449493,
320,0.0007601820805575698,15.16585431098938,1.5295680046081543,
321,0.0008268872275948525,11.785969686508178,1.5298853039741516,
322,0.000511450506746769,11.779802322387695,1.5298795640468597,
323,0.0008698606514371931,10.921260166168214,1.5304111003875733,
324,-0.0003311721608042717,11.639029836654663,1.5317953646183013,
325,0.0018697898369282484,12.755939769744874,1.532302188873291,
326,0.0005972280443529599,14.770266151428222,1.531446063518524,
327,0.0014486371539533139,19.216842555999754,1.531581664085388,
328,0.0006694571580737829,20.703793334960938,1.532016545534134,
329,0.0005903041339479387,19.704940700531004,1.5333803594112396,
330,0.0009266313340049237,21.498847007751465,1.5361823856830596,
331,-0.0002789540681988001,16.700484418869017,1.5365951895713805,
332,0.0005620645359158515,19.11533193588257,1.5374069690704346,
333,0.0007073612650856376,17.85221815109253,1.5388063430786132,
334,0.0014274653105530888,21.203393173217773,1.5385890126228332,
335,0.0001321082643698901,19.630994415283205,1.5375669598579407,
336,0.0006317129191302229,17.207444667816162,1.5379117965698241,
337,-4.094475880265236e-05,18.87526798248291,1.5386150181293488,
338,0.0011418166221119463,17.50187168121338,1.539364117383957,
339,0.0014504032558761537,17.71831817626953,1.5401119649410249,
340,0.0014006512799824122,18.209979152679445,1.5418826758861541,
341,0.0005679432491888292,16.348529386520386,1.5429857611656188,
342,0.001213344361167401,17.463695335388184,1.5431216597557067,
343,0.0008482954664941645,22.98257417678833,1.5431685745716095,
344,0.002297994471155107,19.416397953033446,1.5420068562030793,
345,0.0003917242225725204,20.471746253967286,1.541680669784546,
346,0.0016296283036353997,20.635153579711915,1.5419568240642547,
347,0.0008488407940603793,20.343447494506837,1.5415749669075012,
348,0.00023869883734732865,22.63567132949829,1.5405885040760041,
349,0.0005680134418071248,22.85095920562744,1.5399123013019562,
350,8.932388154789806e-05,25.76314067840576,1.5396645545959473,
351,0.0007258609184646048,26.152402305603026,1.5398814976215363,
352,0.00019917291474484954,26.968691444396974,1.5385978639125824,
353,0.00010465031955391169,22.063699817657472,1.538267469406128,
354,0.0009709842968732118,24.165609550476074,1.5385190069675445,
355,7.031795248622075e-05,24.092013835906982,1.539416915178299,
356,0.0013955110218375922,23.456814765930176,1.5394954144954682,
357,0.0002417645649984479,25.308079528808594,1.538133454322815,
358,0.000592013425193727,23.552652835845947,1.5371888279914856,
359,0.0006162333535030484,22.01948356628418,1.5367268204689026,
360,0.0005164861620869487,19.410896873474123,1.536862027645111,
361,0.0003288256237283349,23.06518087387085,1.5361131370067596,
362,0.00041625204030424354,16.91463785171509,1.5349372625350952,
363,0.00040368475019931794,18.314729499816895,1.5353108465671539,
364,-4.96411113999784e-05,19.983381271362305,1.5361415684223174,
365,2.1087774075567723e-05,21.16861915588379,1.535869163274765,
366,0.0008080941624939442,23.959290313720704,1.535149300098419,
367,0.0002499101916328073,19.65438356399536,1.5353849232196808,
368,-0.00025523938820697366,19.80076398849487,1.5362447082996369,
369,-0.0005422405898571015,22.218571949005128,1.5381225287914275,
370,0.0014305457007139921,24.926023483276367,1.5392123460769653,
371,0.00048363772220909594,27.211420726776122,1.5396054208278656,
372,0.0016994829289615153,28.694726371765135,1.5398792624473572,
373,0.0030243396991863846,26.6399977684021,1.5406225383281709,
374,-0.0003779578699322883,22.762734413146973,1.5417501151561737,
375,0.00018662477377802135,19.209930610656738,1.5422864437103272,
376,0.002005470125004649,16.90848379135132,1.541782945394516,
377,0.0006016569794155657,14.732192754745483,1.5418346762657165,
378,0.00020735373254865408,13.416412401199342,1.5425891518592834,
379,0.00034837243147194384,13.941425466537476,1.5428125321865083,
380,0.00032655520481057466,13.053039836883546,1.5426615715026855,
381,0.0006248563237022609,12.874682807922364,1.5429514527320862,
382,0.00019341243023518473,10.178242111206055,1.5431841552257537,
383,0.0002609833609312773,10.376495504379273,1.5430552959442139,
384,0.0007275286363437772,9.742142868041991,1.5428797364234925,
385,0.0001464574132114649,8.482556867599488,1.543129312992096,
386,0.000270019331946969,8.741207790374755,1.5436182379722596,
387,0.0003152255550958216,9.062776851654053,1.544265192747116,
388,0.0013620952609926461,8.37474503517151,1.5452302038669585,
389,0.0006121814250946045,8.326240801811219,1.5449346959590913,
390,-6.786948069930077e-05,8.554846811294556,1.5435345828533173,
391,-6.978139281272888e-05,8.57817828655243,1.542648470401764,
392,0.00046115673612803223,7.87486629486084,1.5421709954738616,
393,0.0002559654647484422,6.928703045845031,1.5421716153621674,
394,0.0012683702632784843,5.756040549278259,1.542017537355423,
395,0.0010525273624807595,4.564839196205139,1.542201393842697,
396,0.0008031861230847426,4.797126841545105,1.5424259066581727,
397,0.0003152817371301353,3.9080071210861207,1.5422567784786225,
398,0.0016462049323308747,2.8429102420806887,1.5426050543785095,
399,0.000747638288885355,3.7343109965324404,1.5424490332603455,
400,0.00020506400614976882,3.681722807884216,1.5420848846435546,
401,0.001706026727333665,3.196976327896118,1.5413127183914184,
402,0.0007637181784957648,2.299280172586441,1.5399822533130645,
403,0.0008029098302358761,1.8608803570270538,1.5380351722240448,
404,0.0016803550510303467,1.603359043598175,1.5370321810245513,
405,0.004848979227244854,1.5048283219337464,1.5366224288940429,
406,0.004661621365812607,1.6121068060398103,1.5367147982120515,
407,0.006086292237159796,1.463598906993866,1.5361743509769439,
408,0.004470795622910373,1.8707691967487334,1.5344409584999084,
409,0.002927377889864147,2.254485011100769,1.531985056400299,
410,0.002997606637654826,3.0097437500953674,1.529852533340454,
411,0.0006119143916293978,3.0803327322006226,1.527687782049179,
412,0.0025161075842333957,3.924740791320801,1.525107854604721,
413,0.002968880535036078,3.533234941959381,1.521820318698883,
414,0.0042264371269993715,4.172084558010101,1.5197753250598907,
415,0.0038786476012319326,3.48632869720459,1.515141671895981,
416,0.005210800562053919,4.9090382099151615,1.5117063879966737,
417,0.0045123958989279345,5.2927457094192505,1.5088531494140625,
418,0.0018648942408617587,6.541954398155212,1.5044532716274261,
419,0.0007474366808310151,5.709015488624573,1.4995084166526795,
420,0.004486378165893257,4.9161910772323605,1.4967655479907989,
421,-0.0019345854947459885,5.184353375434876,1.4928287446498871,
422,0.0027181648183614016,5.789948344230652,1.4899660289287566,
423,0.0009214148944010958,14.130779790878297,1.4875705063343048,
424,0.0023153519985498862,5.7987306118011475,1.4870599150657653,
425,0.002118959929794073,6.488864207267762,1.486818677186966,
426,0.0021268757060170173,7.426934456825256,1.4854345738887786,
427,0.0007201917353086174,1.9289609968662262,1.4844276487827301,
428,-0.0017360593628836796,9.567576217651368,1.4819587528705598,
429,0.0014131949748843909,24.01764841079712,1.4813543677330017,
430,0.00903656631708145,2.7129366517066957,1.4810954213142395,
431,-0.0010723904211772605,2.118886423110962,1.478511530160904,
432,0.0038755409535951913,0.8371245235204696,1.4744029462337493,
433,0.013649548753164709,0.41261777877807615,1.4705338418483733,
434,0.01164482378953835,0.37394422590732573,1.4647556960582733,
435,0.0033039695757906885,0.53457290828228,1.4588797748088838,
436,-0.0036779605259653183,0.7277756303548812,1.4514931619167328,
437,-0.0016112103570776527,0.5368287831544876,1.443795871734619,
438,-0.004736839284305461,0.5771436497569085,1.436457347869873,
439,-0.002816120535135269,12.803623086214065,1.4335531294345856,
440,0.010316028213128447,0.6283103436231613,1.4328206777572632,
441,-0.0027792518045316682,0.5680919915437699,1.4302072644233703,
442,0.00028349850326776506,0.47572329044342043,1.4259862363338471,
443,0.0015090029337443411,0.23888734579086304,1.4221511721611022,
444,2.0359293557703495e-05,14.720445132255554,1.420108151435852,
445,-6.294650956988335e-05,0.21643901839852334,1.418354618549347,
446,0.006015593081247062,0.4344324618577957,1.4164423167705535,
447,0.012303665990475565,0.3314944043755531,1.4145784318447112,
448,-0.0014946919109206647,0.5093727245926857,1.4111747920513154,
449,0.0005688656121492386,33.06718969345093,1.4094620645046234,
450,0.0006040851294528693,25.424275493621828,1.409270590543747,
451,0.00025260454494855364,62.256371307373044,1.4068450927734375,
452,0.00026099137030541895,45.02194786071777,1.4068767786026002,
453,-3.6760023795068265e-05,28.146220922470093,1.4086266875267028,
454,0.0012542761862277985,41.97308931350708,1.410685020685196,
455,8.702464401721954e-05,12.234672451019287,1.4121831357479095,
456,-0.0014052525628358125,86.41636543273925,1.4107315599918366,
457,0.0025126526481471954,96.60476036071778,1.4100764989852905,
458,6.497790279809123e-05,122.02929153442383,1.410243821144104,
459,0.0003359906142577529,110.35716094970704,1.4105093598365783,
460,-0.0008773445850238204,185.85775299072264,1.409920585155487,
461,0.00019186926365364343,105.93006172180176,1.409441167116165,
462,-0.0022916557791177183,138.9876235961914,1.409309196472168,
463,-1.7389049753546713e-05,148.71132202148436,1.4088038325309753,
464,0.00031232903711497784,228.51941833496093,1.4079841017723083,
465,0.00044964165426790713,93.37765884399414,1.4075307548046112,
466,0.0004118652945180656,127.7358470916748,1.4065481066703795,
467,-0.00017757653258740902,106.7035587310791,1.4069146394729615,
468,0.001257149875164032,114.82505989074707,1.407283616065979,
469,0.0003463484637904912,100.56269912719726,1.4076606512069703,
470,0.0008779218318522908,56.060184478759766,1.4078955888748168,
471,0.0012095963349565864,43.89891357421875,1.4084095895290374,
472,0.00018292195600224658,31.013790988922118,1.4095782935619354,
473,0.0021745889825979248,140.4733600616455,1.4097624897956849,
474,0.0008931600954383611,20.62629270553589,1.4105169951915741,
475,0.000498920283280313,30.187531423568725,1.4101607501506805,
476,-0.00026012063026428225,37.712700271606444,1.4091227233409882,
477,-0.0016862434335052968,0.17696817368268966,1.404733908176422,
478,-0.00413982905447483,20.08030939102173,1.3973096132278442,
479,-0.00013903561048209668,42.424167442321775,1.3973994553089142,
480,0.011482895601147902,0.06211289446800947,1.3977231979370117,
481,0.004075592558365315,0.06211347561329603,1.3904274880886078,
482,-0.003439361100026872,0.058588150329887866,1.3775002598762511,
483,-4.0554488077759745e-05,0.03301514592021704,1.3673217058181764,
484,0.007771745105856098,0.043029697798192504,1.354161936044693,
485,0.00013113270979374646,0.03365692077204585,1.3467288970947267,
486,-0.0017350728274323046,0.03129983432590962,1.3374164044857024,
487,-0.001889886827848386,0.03222290938720107,1.326678878068924,
488,-0.006028515100479126,0.015526531124487519,1.316652625799179,
489,-0.009402211208362132,14.008827612735331,1.305423617362976,
490,0.00010319571010768414,0.03705597002990544,1.3014849901199341,
491,0.0008112590861856006,0.012718539964407683,1.2964070796966554,
492,5.670528626069427e-05,0.010954128438606858,1.2882040798664094,
493,0.0009485861752182245,0.009777052630670368,1.2790569901466369,
494,0.001213365700095892,15.690912437438964,1.2718824386596679,
495,0.0013011409435421228,0.029750487208366393,1.2700855314731598,
496,-0.011486265386338346,0.008252703258767724,1.2658643126487732,
497,-0.0016115054255351423,0.009510226803831756,1.2592178642749787,
498,0.001448591066582594,0.009299785434268414,1.2514892518520355,
499,-0.002469766679860186,35.817380809783934,1.2455781996250153,
500,-0.00023518798407167195,26.17028703689575,1.2445492804050446,
501,0.00037815277464687825,66.89744110107422,1.2442816495895386,
502,-2.8625689446926116e-05,48.31367797851563,1.2441072762012482,
503,0.0011500441294629126,30.143101024627686,1.2440529108047484,
504,0.0003882716584485024,44.8528694152832,1.2444184124469757,
505,0.000938705657972605,12.194289422035217,1.244624948501587,
506,-0.0003732586919795722,91.2990821838379,1.2447547912597656,
507,1.4295941218733787e-05,101.63087463378906,1.2449265539646148,
508,3.6728332634083924e-05,127.05205421447754,1.2451026260852813,
509,0.0003030145773664117,114.57543296813965,1.2450946509838103,
510,-4.1003315709531306e-05,197.1159881591797,1.2450377643108368,
511,0.0007893311849329621,111.35337448120117,1.2451376438140869,
512,0.00016307096157106571,145.77084770202637,1.245265942811966,
513,0.0015557798993540927,156.94772033691407,1.245333158969879,
514,0.00012301786337047814,242.10636825561522,1.245451855659485,
515,0.0005276040639728308,98.42043533325196,1.2457314491271974,
516,0.0009723682887852192,134.1896858215332,1.2460732758045197,
517,0.00045354377944022416,112.60104141235351,1.246339464187622,
518,0.00042580421941238453,119.26924667358398,1.2467599630355835,
519,0.000139930538716726,105.67738571166993,1.2469820201396942,
520,0.00028249784372746944,58.674064826965335,1.2471941828727722,
521,-0.00042970024805981665,45.24707975387573,1.247188186645508,
522,0.0011210196476895361,31.84597005844116,1.247258722782135,
523,0.0002567035728134215,145.8751750946045,1.247336345911026,
524,0.0012401038664393127,21.199541282653808,1.2473991811275482,
525,-4.3876376003026964e-05,30.525259065628052,1.2476471781730651,
526,0.00017292900010943413,38.343827438354495,1.2476272702217102,
527,0.0039034902933053673,0.053816374577581885,1.2476906061172486,
528,-0.0006201676398632117,20.186128759384154,1.2467308342456818,
529,-0.0006491919688414782,42.89653091430664,1.2469334125518798,
530,5.491013871505856e-06,0.038990762643516065,1.2461803257465363,
531,0.0008179932367056609,0.03785810153931379,1.2446904838085175,
532,0.0002084475476294756,0.032466647867113355,1.2430384159088135,
533,-7.947140838950872e-05,0.02902865521609783,1.2382750689983368,
534,-0.0033440968953073026,0.03634727303870022,1.2334327459335328,
535,-0.0015659116441383957,0.020245639886707068,1.229890477657318,
536,-0.00047806005459278823,0.02042816672474146,1.2252683162689209,
537,-0.0023015170358121396,0.01421482628211379,1.2170282423496246,
538,-0.0007650203464436345,0.010347724286839366,1.2075022518634797,
539,-0.000998703297227621,14.16048526763916,1.202328509092331,
540,-0.0026362075470387934,0.01606597821228206,1.1990918457508086,
541,0.0005021699122153223,0.01594758436549455,1.1938442409038543,
542,0.0016979735810309649,0.017582062212750316,1.1882000803947448,
543,-0.0010503415251150727,0.008128004404716194,1.1790279924869538,
544,0.0020838321885094046,15.879729986190796,1.1721654891967774,
545,0.0019084270769781143,0.05006068451330066,1.170523339509964,
546,0.003165119397453964,0.04965659107547253,1.168938446044922,
547,0.00103697394952178,0.04885117844678462,1.1667867839336394,
548,0.000813490962900687,0.04773808422032744,1.1642815351486206,
549,0.00024436615058220923,36.14315567016602,1.1623860239982604,
550,0.0004634000360965729,26.511939334869385,1.1621282577514649,
551,0.0014052627549972386,68.29958438873291,1.1624087274074555,
552,0.00032382120843976736,49.18952836990356,1.1626216173171997,
553,0.001499376754509285,30.820544719696045,1.1628983199596405,
554,1.797786680981517e-05,45.47488384246826,1.1628641486167908,
555,9.401501156389714e-05,12.520271801948548,1.1631889522075654,
556,0.0013076189439743756,93.24099617004394,1.1640182197093965,
557,0.0003858825210045325,103.64154090881348,1.164236742258072,
558,0.00026069451123476026,129.73387413024903,1.1640000998973847,
559,0.00034521378111094234,116.6569751739502,1.1637648046016693,
560,0.0007298270124010741,201.10874786376954,1.1637319207191468,
561,1.2086081551387905e-05,113.7887565612793,1.1637995779514312,
562,2.525916788727045e-05,150.26960487365722,1.1640413284301758,
563,7.752637611702084e-06,161.62059173583984,1.1640470504760743,
564,-4.724238533526659e-05,252.16346282958983,1.1640386641025544,
565,0.00047645789745729414,102.86387748718262,1.1640824735164643,
566,0.0010885015362873673,140.1302890777588,1.1642333447933197,
567,0.0004941678838804364,119.48346939086915,1.1644195318222046,
568,0.00021626246161758899,126.50572128295899,1.1644540011882782,
569,-2.622394822537899e-05,112.04091873168946,1.1643614590167999,
570,0.00039337397320196035,61.74396915435791,1.1643828332424164,
571,4.3761602137237786e-05,48.18838901519776,1.1644528210163116,
572,-2.846976276487112e-05,33.92822980880737,1.1648386001586915,
573,9.703671094030142e-05,156.3313446044922,1.1650841295719148,
574,-0.00029470785520970824,22.681147265434266,1.165069079399109,
575,0.0004526197910308838,32.67346162796021,1.1650323867797852,
576,-1.3368314830586314e-05,41.22723360061646,1.1650178134441376,
577,0.003539666859433055,0.039468710962682965,1.1646912574768067,
578,-0.0001251510351721663,21.367756652832032,1.1632358372211455,
579,-0.0020016801077872514,45.39986515045166,1.1609698474407195,
580,0.0016176187549717725,0.04130816459655762,1.1588721036911012,
581,-0.0018016214278759434,0.02797554461285472,1.1539842367172242,
582,0.0008165202103555203,0.02300811600871384,1.1491273105144502,
583,-0.006021602358669042,0.02009455901570618,1.143114799261093,
584,-0.0014138274709694088,0.011362274968996644,1.137100625038147,
585,-0.0012989996932446957,0.014337905193679034,1.1290382385253905,
586,0.0007566877087811008,0.00875220838934183,1.1232425570487976,
587,0.0023112638387829064,0.007875921996310353,1.1151983737945557,
588,0.0019099417608231307,0.008956481283530594,1.1063939869403838,
589,0.0014727742993272841,14.509483456611633,1.0990285336971284,
590,0.0008857049106154591,0.010200989875011146,1.09550798535347,
591,-0.0017324761254712939,0.019010661542415618,1.0843795597553254,
592,-0.0025147704604023603,0.011346443602815271,1.0782314896583558,
593,-0.0012475052382797003,0.012965998775325716,1.0734943926334382,
594,-0.0006651841569691897,16.082514023780824,1.0686650216579436,
595,0.0009860058664344252,0.00851356596685946,1.0664405882358552,
596,0.0006209987914189696,0.007123155286535621,1.0613851964473724,
597,0.0008061658591032028,0.00664691103156656,1.0539147198200225,
598,0.0007055924070300534,0.005232858110684901,1.044407308101654,
599,0.00019375579431653024,36.27771129608154,1.0379123985767365,
600,0.0006244888179935514,26.628076362609864,1.0365974485874176,
601,0.0002327194670215249,68.43444232940674,1.0366172790527344,
602,0.0005353278480470181,49.17220983505249,1.036688232421875,
603,-0.0002547479118220508,31.090170121192934,1.0366656363010407,
604,0.0014017635490745305,45.16857261657715,1.0368525981903076,
605,0.00013655717484652996,12.339557600021362,1.0371466100215911,
606,1.5383819118142128e-05,91.44788436889648,1.0375339090824127,
607,3.4128275001421573e-05,101.69836196899413,1.0373532593250274,
608,0.00014889062294969334,127.45077171325684,1.0372884750366211,
609,2.509579062461853e-05,114.22344017028809,1.0373412311077117,
610,0.0005623403703793883,196.7256996154785,1.0375081598758698,
611,-0.0003135884180665016,111.93284034729004,1.037663561105728,
612,-7.614456117153168e-05,144.85948944091797,1.0377186059951782,
613,0.00010757045820355415,154.98821716308595,1.0377626359462737,
614,6.225155666470528e-05,240.30708541870118,1.0377274036407471,
615,0.00023810327984392644,98.08336067199707,1.0376685082912445,
616,3.3963005989789964e-07,134.35851440429687,1.0377124428749085,
617,0.0013230241485871375,113.03183403015137,1.0377224147319795,
618,0.00025601628876756875,120.1890209197998,1.0376446664333343,
619,9.288135915994645e-05,105.95306968688965,1.0376551508903504,
620,0.00070738611248089,57.9139217376709,1.0377212464809418,
621,-0.000300514732953161,45.17604713439941,1.0376854062080383,
622,-0.0004884428140940145,31.810566997528078,1.0376257181167603,
623,-2.5263987481594084e-06,143.83726387023927,1.037745088338852,
624,-0.005201752012362703,21.16226954460144,1.0379241228103637,
625,-0.004160344330011867,30.65499267578125,1.0385235011577607,
626,0.00021828269818797709,38.492006397247316,1.0387730181217194,
627,-0.0001351481187157333,0.08385632783174515,1.038451874256134,
628,0.0008217719849199056,20.21128821372986,1.0367117285728455,
629,0.0002708462532609701,43.01825103759766,1.0364610135555268,
630,0.0007278359495103359,0.13206173107028008,1.0363744854927064,
631,9.95739595964551e-05,0.1304758058860898,1.0354288399219513,
632,-0.0006491135340183973,0.1640689017251134,1.0326792478561402,
633,0.00013062250745861094,0.08783125765621662,1.030801570415497,
634,-0.0009136620443314314,0.06156050283461809,1.0286922812461854,
635,0.00047904513776302337,0.07847151216119527,1.0261817872524261,
636,-0.0030349907465279102,0.04640475139021873,1.024128657579422,
637,-0.0024148784254066414,0.04052269048988819,1.0208026766777039,
638,1.1867213288496714e-05,0.03234301395714283,1.016517746448517,
639,0.0020499401802226203,13.885747051239013,1.0120292603969574,
640,-0.00029675571713596585,0.05908862948417663,1.0106023788452148,
641,0.00011180783621966839,0.03519483273848891,1.0074430465698243,
642,7.437914609909057e-06,0.03371973037719726,1.0034430563449859,
643,-0.00018279897049069404,0.0342871529981494,1.000899675488472,
644,-0.000318175254506059,15.498897278308869,0.9967997968196869,
645,0.0002764737175311893,0.022699608700349927,0.9946796089410782,
646,-0.0018637616885825992,0.052925777761265634,0.9888641357421875,
647,-0.0007272618357092142,0.05152287147939205,0.986086231470108,
648,-0.003118423991691088,0.041926111560314894,0.9836273103952408,
649,-0.0010267404839396476,35.13285608291626,0.9814044654369354,
650,0.0004977656994014978,25.624447202682497,0.980869472026825,
651,0.0001802915707230568,65.76948909759521,0.9810460805892944,
652,-0.0013640167890116572,47.377224159240725,0.9814602375030518,
653,-0.0005160020955372602,29.846822834014894,0.9822802424430848,
654,0.0007729172706604004,43.905538368225095,0.9836940735578537,
655,-0.0009129958227276802,12.001836287975312,0.985279667377472,
656,0.0001102592796087265,89.52604446411132,0.9859310686588287,
657,7.524134125560522e-05,99.4574405670166,0.9859803259372711,
658,5.986718460917473e-05,124.22611274719239,0.9858749985694886,
659,8.396756602451206e-05,111.5125576019287,0.9859262973070144,
660,1.2216204777359962e-05,191.99597854614257,0.9859586924314498,
661,0.0003331476356834173,109.23439521789551,0.9858467966318131,
662,0.0006415836047381163,143.33943252563478,0.9857606172561646,
663,-1.5010591596364975e-06,153.77588119506837,0.9858003735542298,
664,0.0004339090664871037,239.3650329589844,0.9859099298715591,
665,-7.85736134275794e-05,97.8983814239502,0.9859607547521592,
666,0.00026485538110136985,134.83527221679688,0.9859987735748291,
667,0.00025410852394998075,113.46426200866699,0.9859878301620484,
668,-7.466736715286971e-05,121.28196716308594,0.9861048728227615,
669,-1.3267877511680126e-05,107.16008682250977,0.9860841661691666,
670,-0.00012742257677018644,59.30314998626709,0.9862283945083619,
671,0.0007417434593662619,46.404666900634766,0.9868280261754989,
672,0.0008290359284728766,32.58425426483154,0.9871111452579499,
673,0.0005770089570432902,147.58940353393555,0.9874251365661622,
674,0.0005955454253125936,21.58736472129822,0.9884858369827271,
675,-0.0003525841515511274,31.20788116455078,0.990467169880867,
676,-0.0002136832888936624,39.15445213317871,0.9907748460769653,
677,0.0009982203861000015,0.06578043047338725,0.9898628056049347,
678,-0.0014017221052199601,20.678112876415252,0.9871902883052825,
679,-0.003675637993728742,44.23312778472901,0.9858953714370727,
680,-0.0020626203739084305,0.08936407025903463,0.9858299523591996,
681,-0.004405132704414427,0.08586393799632788,0.9849630475044251,
682,-0.0032226119190454485,0.041580152697861195,0.9838754951953887,
683,0.00045232612174004314,0.07096478519961238,0.9811244577169418,
684,0.00033532238740008324,0.06510907551273704,0.979191192984581,
685,0.0014902439870638773,0.06280000917613507,0.9777127116918564,
686,0.0003887287108227611,0.06250722501426935,0.9765511244535446,
687,0.00048628160730004313,0.061364995501935485,0.9742738753557205,
688,0.00028572948649525643,0.05999589134007692,0.9712093532085418,
689,-0.0011413385800551623,13.831692481040955,0.9704792529344559,
690,-0.0015940438956022263,0.045779962372034785,0.9709338217973709,
691,-0.00026182629517279565,0.02248560613952577,0.9670666784048081,
692,-0.00036834669299423695,0.0203354949131608,0.9617373019456863,
693,0.0008398282458074391,0.01818408272229135,0.9548388630151748,
694,-1.6283057630062103e-05,15.55993869304657,0.9499336123466492,
695,-0.00013258135877549648,0.03747596340253949,0.9486568957567215,
696,0.00021349219969124533,0.0242324055172503,0.9453894197940826,
697,-0.0007422780967317521,0.00763801175635308,0.9406170576810837,
698,9.15154698304832e-05,0.005639506189618259,0.9309239596128464,
699,-0.02538514343323186,35.90224847793579,0.921417647600174,
700,-0.00024945749901235105,26.445755386352538,0.9190509051084519,
701,0.0015973928337189136,68.30603408813477,0.9185825496912002,
702,0.0016178182100702542,49.38010959625244,0.9186626970767975,
703,-0.0014967468567192554,31.01837854385376,0.9192316800355911,
704,-0.0010329934651963414,45.6737138748169,0.9195384413003922,
705,0.0019416004652157426,12.55342764854431,0.9201672166585922,
706,0.00019535054452717303,93.00661277770996,0.9207339346408844,
707,-4.066629335284233e-05,103.62571144104004,0.9206728219985962,
708,2.4370939354412257e-05,129.95086479187012,0.9204342216253281,
709,-5.230261012911796e-06,116.76986885070801,0.9203552395105362,
710,0.0003590253589209169,202.29162063598633,0.9204756736755371,
711,0.000432528555393219,114.61199417114258,0.9207534104585647,
712,0.001017432427033782,149.9389289855957,0.920913141965866,
713,0.0006722101185005158,161.1938949584961,0.9210367679595948,
714,0.00047957294154912236,249.87648162841796,0.921039092540741,
715,0.002421874552965164,101.77209510803223,0.9211550563573837,
716,-1.5660002827644347e-05,139.5234577178955,0.9213598102331162,
717,2.7502235025167465e-05,117.13388099670411,0.9215790927410126,
718,0.0020456482277950274,123.8948299407959,0.9218933314085007,
719,0.00024572033638747826,109.19855346679688,0.9225998878479004,
720,0.00011302893981337547,59.8792537689209,0.9237588167190551,
721,-0.006027934700250625,46.26468830108642,0.9240613728761673,
722,-0.009983520217065233,32.510246706008914,0.9236261993646622,
723,-0.000556178204715252,147.75636863708496,0.92339386343956,
724,-0.02243278790265322,21.631364488601683,0.9230470687150956,
725,-0.0005767074646428228,30.9024564743042,0.9232102990150451,
726,0.0023510994855314494,38.378586292266846,0.9243327975273132,
727,0.00028152535669505595,0.07692071162164212,0.9243324309587478,
728,0.0001221347600221634,19.955000829696655,0.923874419927597,
729,0.0005629974417388439,42.78712282180786,0.9243713736534118,
730,0.0003825936233624816,0.06373013518750667,0.9237055271863938,
731,-0.000939901992387604,0.056802958250045776,0.9205799907445907,
732,-0.0022707805037498474,0.05021527521312237,0.9163042455911636,
733,-0.0027539954822714207,0.08201414067298174,0.9121622830629349,
734,-0.00033245517406612637,0.07563474699854851,0.9109178394079208,
735,0.0010355861857533454,0.06284144055098295,0.9081292688846588,
736,-0.000789646664634347,0.08121328484266996,0.9068374633789062,
737,-0.00012028866913169623,0.05487219449132681,0.9043166548013687,
738,0.0010639776475727559,0.0976987151429057,0.9009082227945328,
739,0.0008483709068968892,13.303847551345825,0.8980296373367309,
740,0.001867271904484369,0.09504520650953055,0.8965556234121322,
741,0.0013316932716406881,0.07371368277817965,0.8942184090614319,
742,-0.000620845821686089,0.07061591874808074,0.8928229689598084,
743,0.0014556221198290587,0.06172297392040491,0.8919987767934799,
744,-0.0016916361695621164,14.740871953964234,0.8883769780397415,
745,0.0009346712147817015,0.09832935817539692,0.8870942771434784,
746,0.0009380900301039219,0.08834025654941798,0.8854724764823914,
747,-0.0002596202772110701,0.0663719765841961,0.8842050403356552,
748,-0.0015785540221258999,0.056168405525386336,0.8796554863452911,
749,-0.00013994963373988866,33.410421752929686,0.8748554885387421,
750,-0.00020844480022788047,24.576770114898682,0.8744027525186538,
751,-0.023161879769759253,63.101542472839355,0.875278890132904,
752,-0.012590853089932352,45.69215831756592,0.8760585159063339,
753,-0.0008194503898266703,28.765744781494142,0.8765834242105484,
754,0.00025625226553529503,42.799424171447754,0.8779756993055343,
755,0.0006865530740469694,11.545436060428619,0.8785653918981552,
756,0.001991807925514877,86.24132652282715,0.8787995159626008,
757,9.481236338615417e-05,95.43719253540038,0.8788648188114166,
758,7.654086803086103e-05,119.89336051940919,0.878642988204956,
759,-0.0007560476660728455,107.77655906677246,0.8787810772657394,
760,0.0002396969124674797,186.52965545654297,0.8788833737373352,
761,-0.0001525021099951118,105.7711124420166,0.8788557708263397,
762,-0.000558464671485126,138.17665367126466,0.877942681312561,
763,-0.00038573332130908966,150.62126541137695,0.877730518579483,
764,0.0007623837653227383,231.17450027465821,0.877969029545784,
765,-9.895171970129014e-05,94.32170104980469,0.8782457768917084,
766,-3.896690905094147e-05,129.57823371887207,0.8784739464521408,
767,6.495919078588485e-05,108.24301643371582,0.8791866034269333,
768,0.0006678774021565914,116.36685562133789,0.8797534078359603,
769,0.00016965499962680043,102.63260459899902,0.8800041437149048,
770,0.00012988109956495463,54.810278511047365,0.8802949249744415,
771,0.0005132130201673136,44.00007281303406,0.8805134981870651,
772,0.00047143655829131605,31.42193341255188,0.8805593639612198,
773,0.0019185351324267686,144.31685943603514,0.8809282511472702,
774,0.0012229154352098703,22.024584674835204,0.8813439786434174,
775,0.0017497666645795106,30.373452568054198,0.8821189045906067,
776,-2.209049416705966e-05,38.15707445144653,0.8825819462537765,
777,-0.002365906097111292,0.04016537358984351,0.8815322071313858,
778,-0.0013021579245105386,19.83551573753357,0.8778404235839844,
779,-0.002677904791198671,44.263454818725585,0.8776616781949997,
780,0.00033138137077912686,0.04707826841622591,0.8779188930988312,
781,-0.001360772573389113,0.040754071343690156,0.8763927727937698,
782,-0.0007161073881434277,0.028114843368530273,0.8730319917201996,
783,-0.002749606128782034,0.018973140930756926,0.8656884998083114,
784,-0.0013182750670239329,0.020612471690401434,0.8569458305835724,
785,-0.0029078628402203323,0.021644186694175005,0.85589320063591,
786,-0.014263052807655186,0.02695903761778027,0.8552112340927124,
787,0.0010843363124877214,0.017320547625422476,0.8529866516590119,
788,0.004826169740408659,0.007025812822394073,0.8515493333339691,
789,0.0015445365104824304,14.315629065036774,0.851091593503952,
790,0.001515662405290641,0.020889287092722954,0.8497833222150802,
791,-0.005675908830016852,0.024247509066481144,0.8480518311262131,
792,-0.003173351274745073,0.008333214872982353,0.8463193207979203,
793,0.0043575799965765325,0.007244908798020333,0.8427648603916168,
794,3.819670528173447e-05,16.197878182609564,0.8379207164049148,
795,0.004099038650747388,0.021409492613747715,0.8364186584949493,
796,0.004542901832610369,0.014705148071516305,0.8332289516925812,
797,0.003744835662655532,0.004284825536888093,0.8246553868055344,
798,-0.001530849011032842,0.0034692294371780007,0.8166193932294845,
799,-0.007757568010129034,36.89160575866699,0.8111667603254318,
800,-0.0013850979506969453,27.219077157974244,0.8097657889127732,
801,0.0009459437569603324,70.42250156402588,0.8099384069442749,
802,-0.00017571633215993643,50.10728225708008,0.8101335823535919,
803,2.938569523394108e-05,31.49592514038086,0.8104035496711731,
804,1.0158494114875794e-05,46.27746810913086,0.8103177130222321,
805,-5.8199407067149875e-05,12.61637864112854,0.8106176555156708,
806,0.00019137035124003888,94.08713092803956,0.8114246308803559,
807,0.0006518167210742831,104.83285903930664,0.8118152350187302,
808,-0.00020668250508606433,130.4919075012207,0.8121995985507965,
809,0.00012598296161741017,116.82586708068848,0.8124206930398941,
810,4.294957034289837e-06,200.01117630004882,0.8127337545156479,
811,6.7751127062365414e-06,113.2335105895996,0.8132072269916535,
812,9.110178798437119e-05,148.1944808959961,0.8135811865329743,
813,-0.00024673976004123687,159.19421005249023,0.8140982538461685,
814,7.906893733888865e-05,247.00085067749023,0.8142732381820679,
815,0.001443065726198256,100.55152816772461,0.8142824858427048,
816,0.00031775115057826043,138.3430030822754,0.8140572816133499,
817,0.0009841593200690113,115.675541305542,0.8138782441616058,
818,-6.182701326906681e-05,121.48800201416016,0.8138698071241379,
819,0.0007276146090589464,107.20812034606934,0.8141677141189575,
820,0.000727354281116277,58.223149108886716,0.8144314706325531,
821,-0.0006705183535814285,45.203433227539065,0.8146420449018479,
822,0.00030401555995922535,31.886077976226808,0.8146017611026763,
823,-0.000472639876534231,144.07068939208983,0.8152628690004349,
824,-0.0001683545531705022,20.97446436882019,0.8158184140920639,
825,0.0007467048708349466,30.0344144821167,0.8166593611240387,
826,0.00014555512461811304,36.570107555389406,0.8172404676675796,
827,0.0020043815835379063,0.05232389383018017,0.8166549563407898,
828,0.0007975429063662887,18.409036779403685,0.813278317451477,
829,-5.228058435022831e-05,40.840527629852296,0.8129087030887604,
830,0.003939756203908473,0.11653131172060967,0.8125764638185501,
831,-0.0008946909234509804,0.11836531534790992,0.810986477136612,
832,-0.0070034266129368914,0.19158175997436047,0.8073423206806183,
833,0.0010839656577445566,0.11764597445726395,0.8048096120357513,
834,-0.005991127714514733,0.13671752549707888,0.802424767613411,
835,-0.0013120142975822091,0.16246839836239815,0.8031385481357575,
836,-0.002316500007873401,0.1583556953817606,0.8025323480367661,
837,-0.00035609621554613116,0.1713556870818138,0.8018403112888336,
838,-0.002804119559004903,0.11580540463328362,0.8009851664304733,
839,9.456672705709934e-06,12.621542441844941,0.7976625055074692,
840,-0.002260044775903225,0.12366140857338906,0.7972613483667373,
841,0.0017019375460222363,0.1412503719329834,0.7948710143566131,
842,0.0013749457255471497,0.1323755007237196,0.7916596472263336,
843,-0.0015342556722316657,0.12476661689579487,0.7892821997404098,
844,0.0001986002280318644,13.904436922073364,0.7875595360994339,
845,0.0020131557714194058,0.13194153793156146,0.784560677409172,
846,-0.0023839798232074827,0.1101845946162939,0.7826677829027175,
847,-4.133498296141624e-05,0.12181116938591004,0.7824120312929154,
848,-0.00018560504249762744,0.11271439082920551,0.781197676062584,
849,-0.0001024582888931036,33.39048624038696,0.7800621271133423,
850,5.2590761333703996e-05,23.93617362976074,0.7803668946027755,
851,-0.00017694095149636268,63.076257419586184,0.7803596436977387,
852,0.0005064223427325487,46.73889331817627,0.7804489225149155,
853,-0.00017573147488292307,29.28237838745117,0.7800426006317138,
854,-0.0005444045411422849,43.3868706703186,0.7789229959249496,
855,0.00026561603881418704,11.828392004966735,0.7789502233266831,
856,-0.0002768980572000146,88.37938003540039,0.7812937408685684,
857,-7.868674583733082e-05,97.1922721862793,0.7821159511804581,
858,0.00015682098237448371,122.59151115417481,0.78246268928051,
859,0.0002962250495329499,111.26660957336426,0.7827242255210877,
860,-0.0003802521154284477,189.1642333984375,0.7827516496181488,
861,9.17611876502633e-05,108.12303466796875,0.7828760594129562,
862,-4.1204341687262056e-05,142.4186164855957,0.782921302318573,
863,0.0004574459278956056,150.34887313842773,0.7827379614114761,
864,2.1734274923801422e-05,232.13467102050782,0.7826361298561096,
865,-0.00028727904427796604,95.03653087615967,0.7822285860776901,
866,0.0010779920005006716,128.56366577148438,0.7822465032339097,
867,0.00227474058046937,108.85930671691895,0.7827175319194793,
868,4.892232827842235e-05,116.03451004028321,0.7830457359552383,
869,0.001408868283033371,102.81020812988281,0.7834724396467209,
870,-0.0026007057167589664,57.449113845825195,0.7840595215559005,
871,0.0006717719334119465,44.57518873214722,0.7841965049505234,
872,0.0015515591483563184,31.04556303024292,0.784176504611969,
873,-0.00021489881910383702,140.62307891845703,0.7849519044160843,
874,4.936081822961569e-05,20.198105096817017,0.7855193376541137,
875,0.00013604901541839354,29.372216796875,0.786299467086792,
876,0.0006033550947904587,37.182335662841794,0.7872688472270966,
877,0.0004895183956250548,0.047527442779392005,0.78755823969841,
878,-0.0013985727389808744,19.409331846237183,0.7844180494546891,
879,0.0009736077103298157,41.91281499862671,0.7831033676862716,
880,0.001005054620327428,0.04148306921124458,0.7825292855501175,
881,0.003227556526508124,0.040246906038373706,0.7785043627023697,
882,0.002264887560158968,0.033656587032601236,0.7776496201753617,
883,-0.003850108152255416,0.03646409003995359,0.7769674956798553,
884,-0.0013438606125419027,0.03293740996159613,0.7734404772520065,
885,0.001271633990108967,0.027442553965374827,0.7702142596244812,
886,-0.0011005955748260021,0.0161837263032794,0.7656322747468949,
887,0.000507330649998039,0.04872388136573136,0.7607441008090973,
888,0.0037356415763497353,0.029182052705436945,0.7585212379693985,
889,-0.0008411937393248081,13.967258169222623,0.7577747195959091,
890,0.0008722157159354538,0.01047493084333837,0.7573462873697281,
891,-0.007346555725780491,0.017923441668972372,0.7536886096000671,
892,0.004610668832901866,0.011220123246312141,0.7493072658777237,
893,0.0024508625734597444,0.01008017109706998,0.7435403972864151,
894,-0.0026229529932606964,15.76957139968872,0.7365858346223831,
895,0.0018746014684438705,0.011917263339273631,0.7339632093906403,
896,-0.0012459111283533275,0.012730226013809442,0.7303233563899993,
897,0.0027547891164431348,0.0037337066256441175,0.7236383736133576,
898,0.00329268139321357,0.003129113232716918,0.7160878241062164,
899,-0.0005286402185447514,36.32616786956787,0.712899050116539,
900,0.0002629284281283617,26.640116214752197,0.712546420097351,
901,-0.00023125698789954184,68.94206600189209,0.7127159595489502,
902,-8.468562737107277e-05,50.01436796188354,0.7124360233545304,
903,-4.3218425707891585e-05,31.657683515548705,0.7119082003831864,
904,0.00027211997658014295,46.810581588745116,0.7121280878782272,
905,0.0004984457045793533,12.66441919207573,0.7119490444660187,
906,-0.00016624724958091974,94.7779037475586,0.7116142034530639,
907,0.0002594106364995241,105.34887390136718,0.7116253137588501,
908,0.001198162930086255,132.16109161376954,0.7116712927818298,
909,-0.0001533983275294304,119.06658325195312,0.7117758095264435,
910,8.028242737054825e-05,206.38542633056642,0.7120092362165451,
911,0.000508399959653616,117.26593589782715,0.7121319890022277,
912,4.42820368334651e-05,154.60938873291016,0.7121932208538055,
913,0.000126416829880327,166.60592498779297,0.7123689830303193,
914,0.00014735113945789634,259.11417388916016,0.7127449929714202,
915,3.7164008244872096e-05,105.83217544555664,0.7128953099250793,
916,7.918508781585842e-05,146.0789016723633,0.7129934877157211,
917,5.821604281663894e-06,123.00287780761718,0.7130929350852966,
918,0.00011054861533921212,131.24872398376465,0.7129399895668029,
919,0.00021830336190760137,115.95740089416503,0.7129721492528915,
920,8.496432565152645e-06,63.86970539093018,0.7130555272102356,
921,7.487323600798845e-05,50.06708211898804,0.7130934685468674,
922,0.0004485344426939264,35.190699672698976,0.7131368726491928,
923,0.0007702486705966294,161.17130966186522,0.7132577717304229,
924,0.0007951613515615463,23.557890510559083,0.7131817758083343,
925,-0.00023115660878829657,33.74127705097199,0.7133192032575607,
926,0.00010942588560283184,42.11590280532837,0.7138144046068191,
927,0.001731959148310125,0.008620592136867344,0.7120973467826843,
928,0.000351835409674095,21.773507404327393,0.7081136524677276,
929,-0.006171436971635557,46.8062328338623,0.7082127153873443,
930,0.002567800180986524,0.005358626320958138,0.7066347569227218,
931,0.0003518317884299904,0.007902980991639197,0.7016405701637268,
932,0.005339069789624773,0.005291687685530633,0.6983543694019317,
933,0.0029223661869764326,0.004712933651171624,0.6941591978073121,
934,0.0008047106908634305,0.003963886667042971,0.6879933953285218,
935,0.0020777247147634624,0.005518251314060763,0.6818928748369217,
936,-0.0010548299178481102,0.0074469277751632035,0.6750582367181778,
937,0.0011419471120461822,0.007458277675323188,0.6694595217704773,
938,0.0019385333638638259,0.003653226245660335,0.6625085443258285,
939,0.00033563878387212755,14.564066195487976,0.6541226983070374,
940,0.005459795496426523,0.002544644940644503,0.6516015440225601,
941,0.0012361353263258934,0.0033011542313033716,0.6454248666763306,
942,0.0016682084649801254,0.006390876727527939,0.6352520018815995,
943,-0.0020295482827350497,0.014499520551180468,0.6308708906173706,
944,-0.0009080109521164559,16.050062513351442,0.6283840060234069,
945,0.0018379750079475343,0.003686192916939035,0.6275881052017211,
946,0.006257421616464853,0.002242577835568227,0.6255927920341492,
947,0.004235850879922509,0.0046274698222987356,0.6216408967971802,
948,0.0029137544916011393,0.0011329629545798526,0.6157285779714584,
949,-0.002011631178902462,36.32531051635742,0.609950041770935,
950,-5.0783203914761546e-05,26.55062017440796,0.6088304847478867,
951,0.00013583266409114003,68.57047996520996,0.6089609265327454,
952,0.00013376777060329913,49.64720268249512,0.6092280805110931,
953,0.0003665679134428501,31.271305990219116,0.6098253339529037,
954,8.831457234919071e-05,46.277733612060544,0.6106780230998993,
955,0.0006332368589937687,12.669656107830814,0.6109868377447129,
956,-0.000127788120880723,94.83816776275634,0.6110303819179534,
957,-3.808748442679644e-06,104.70868072509765,0.6110079169273377,
958,-5.479709943756461e-06,130.28257102966307,0.6110491961240768,
959,0.00024139086235663854,117.18707084655762,0.6109557181596756,
960,-4.5950755884405224e-05,201.5990104675293,0.6109677910804748,
961,3.7993595469743013e-06,114.03966827392578,0.6110875606536865,
962,3.3093559977714904e-05,149.38524169921874,0.6111447602510452,
963,3.0564051121473314e-05,160.98860397338868,0.6111757308244705,
964,5.0095394544769076e-05,249.45567932128907,0.61129709482193,
965,-2.14605126529932e-05,101.82757759094238,0.6114310383796692,
966,0.00029957746155560014,140.20714111328124,0.611569395661354,
967,-6.618418265134097e-05,117.85767631530761,0.6117373943328858,
968,0.00011361363140167668,125.84134788513184,0.6118488341569901,
969,3.751006443053484e-05,111.12659301757813,0.6118039101362228,
970,0.0006371744566422421,61.203074073791505,0.6114543586969375,
971,0.00037132157012820244,47.612469387054446,0.6109058290719986,
972,-0.0005966761615127325,33.316937160491946,0.6122077256441116,
973,-0.0009635936316044535,151.3440055847168,0.613350561261177,
974,-0.001925095624756068,22.135957622528075,0.6138547778129577,
975,-0.0011775076025514863,31.826629543304442,0.6141841828823089,
976,-0.00021782517433166504,39.78035984039307,0.6132535755634307,
977,0.0006546490360051394,0.03460086192935705,0.6126544862985611,
978,0.0008999971440061926,20.900204181671143,0.6114110976457596,
979,0.0007992588449269533,44.91558265686035,0.6115827172994613,
980,0.0010653682489646598,0.020609359815716745,0.6118786841630935,
981,0.0015830977819859982,0.0557605538982898,0.6122134476900101,
982,-0.002624545921571553,0.049794730823487045,0.6109756082296371,
983,-2.548703196225688e-05,0.03868711446411908,0.6076398372650147,
984,0.00016952192963799463,0.01908559831790626,0.6049639850854873,
985,-0.003990043108933606,0.02171882342081517,0.6016347199678421,
986,-0.001512247123173438,0.010213260538876057,0.5986695230007172,
987,0.0005319692194461822,0.010482185170985758,0.5949320197105408,
988,-0.000250751874409616,0.008147210197057575,0.5914617091417312,
989,0.00042562889866530894,14.34211835958995,0.5878617584705352,
990,0.0005927687976509333,0.006866003305185586,0.5853076070547104,
991,-0.00296136777724314,0.008675526513252407,0.5833823382854462,
992,-0.0009073203662410378,0.005142088723368942,0.5810297191143036,
993,0.0019440552685409784,0.00673362438683398,0.5751291990280152,
994,0.00035799487231997774,15.908420658111572,0.5736728250980377,
995,0.0040522304130718115,0.007061561878072098,0.5731228917837143,
996,0.0022154352627694607,0.006087281822692603,0.5701803088188171,
997,0.0017119739746703998,0.006716241259709932,0.5651825040578842,
998,0.0011746495496481658,0.03268575523979962,0.561141523718834,
999,-3.635920584201813e-05,36.357848072052,0.5565436631441116,
