step,avg_reward,optimal_pct,cumulative_regret,q_error
1,-0.07857360617353687,9.950000000000001,1.544001015226048,0.7981283456341146
2,0.25416302608405633,13.900000000000002,2.8109391979612486,0.788812761196897
3,0.4890327054938949,17.45,3.924276763077037,0.7795339119221733
4,0.5767974799369797,21.15,4.900853341436348,0.7708979467217966
5,0.6093192142846271,23.05,5.802475550589556,0.7632194607387456
6,0.6450552670781127,24.2,6.6582947057335495,0.7557271541130165
7,0.7241497889995326,25.4,7.4609382147641155,0.7517118763952827
8,0.7701362580105652,26.400000000000002,8.242809156270066,0.7467957006254943
9,0.8039449712515174,27.700000000000003,8.968994145740051,0.7428723818727658
10,0.7969358406256739,28.299999999999997,9.681651965917233,0.7388415166663613
11,0.8814306834616688,29.25,10.368488838596274,0.7367699085996369
12,0.8670263558823905,29.599999999999998,11.047171140459183,0.7345405038683802
13,0.8992306973278309,30.3,11.706275403447464,0.7319111044176296
14,0.8924821367524443,31.0,12.345504208073406,0.7290644780609828
15,0.8488934300823924,31.35,12.975475342428776,0.7265347211598236
16,0.8998403110668192,31.45,13.59490573498533,0.7252244251563141
17,0.9366263564273559,31.75,14.210318386139273,0.7239500021426973
18,0.9767989752116317,32.300000000000004,14.81262951234791,0.722569907339006
19,0.9651288886835696,32.550000000000004,15.415862307427789,0.7213368498083521
20,0.9290997313657376,32.75,16.005558383336336,0.7200964556032244
21,0.9400215854601452,32.5,16.60197189450671,0.719333508060326
22,0.9387578221150541,32.95,17.19207497048025,0.7176728647191097
23,0.9564313360095242,33.35,17.778217457347456,0.7164394780396648
24,0.9469253716337458,33.650000000000006,18.354137448679605,0.7159083500633915
25,0.951096324733233,33.6,18.927341932133086,0.7150122224530345
26,0.979297128673633,34.0,19.49961063909142,0.7142037348904341
27,0.9634422650744945,34.449999999999996,20.06255823467319,0.7131445876812016
28,0.9528245692959642,34.5,20.61707374535952,0.7130579794945301
29,0.9709756002341104,34.65,21.174770988635828,0.7125164092291464
30,1.0115953917261282,34.449999999999996,21.730640992780742,0.7115840492660122
31,0.9907912742070804,34.65,22.28367522318349,0.7110925927889608
32,0.9951112878376759,34.8,22.83362317555329,0.710386995538306
33,1.0190646285916287,34.8,23.378392085471788,0.7100522851678251
34,0.9980256535543987,35.099999999999994,23.92268404337879,0.7093410526595306
35,1.0060739700380985,34.949999999999996,24.469397465009294,0.7089340572029117
36,1.0157043762521358,35.6,25.00596153560873,0.7086174616196422
37,0.9835293631821698,35.3,25.54257223708382,0.7078515414645699
38,1.0093772371893188,35.449999999999996,26.079761524823557,0.7073371527114215
39,1.0094606348138024,35.6,26.614213161107962,0.7068581327092104
40,1.0071884356917313,35.4,27.148550509297575,0.7063313970264198
41,1.0402537532778569,35.5,27.68494542625958,0.7060076758176337
42,1.0127796038917511,35.8,28.21658076311704,0.7060198278493721
43,0.9967579942537386,35.8,28.750222571111614,0.7054295703604139
44,0.9556318443583617,35.699999999999996,29.285769377155546,0.7053012987144245
45,0.9813334610128562,36.15,29.81164732726721,0.7049486626824669
46,0.9910237522022035,35.8,30.345236203287232,0.7046722718466345
47,0.9936306717859793,36.0,30.87378573869414,0.7039977220428184
48,0.989118925981263,36.199999999999996,31.40120456951607,0.7035037215412825
49,1.0209664195150177,36.15,31.923280962954,0.7031140835662889
50,1.0328346354226898,36.3,32.44687092260882,0.7028332966547124
51,1.0527786053057753,36.15,32.97778812464627,0.7024566938696793
52,1.0093711013583133,36.4,33.49790685836189,0.7023757404237136
53,0.9957507036355882,36.449999999999996,34.01897182058806,0.7019776794641863
54,1.0331651958992785,36.65,34.532498100794065,0.7017358795707587
55,1.0184472644015634,36.55,35.049057495318365,0.7013462797308339
56,0.9844530013290209,36.1,35.57141091121756,0.7011932692064845
57,1.0066481254115618,36.35,36.088952283407956,0.7008066296398142
58,0.9861075216165501,36.449999999999996,36.61123468930684,0.7001796968859474
59,1.0300080683269697,36.75,37.12814277801703,0.699926969291554
60,1.0074390826432258,36.55,37.65022803707882,0.6994855653431162
61,0.9910604274030949,36.55,38.16433871732334,0.6992719556185142
62,1.0557283674747506,36.8,38.67790304218626,0.6991544883718612
63,1.016696799503562,36.9,39.19240016688229,0.698911261993597
64,1.0477644403989341,37.0,39.69897430116052,0.69831511300674
65,1.0260912083540565,36.9,40.21362960146642,0.697758712813574
66,1.0136024618411024,37.05,40.72508226294211,0.6972309584479883
67,1.0259249223907978,36.95,41.23124396517021,0.6968689273675538
68,1.0640765926723288,36.95,41.738487748094194,0.6962585592523256
69,1.061097017256325,37.1,42.24012209855709,0.6961017469957756
70,1.0284391065378344,36.95,42.74315248557456,0.6956450955640584
71,1.0750542117901776,36.8,43.24817253884322,0.6957910833264511
72,0.9983714242735598,37.1,43.75252143371824,0.6955960776516903
73,1.005091998750082,37.25,44.25669757488056,0.6955310684614494
74,1.0178509152370392,37.35,44.75834065092833,0.6951455420582224
75,1.0432210532722472,37.3,45.262035058767104,0.6951720548379167
76,1.0296541930589298,37.25,45.75918599640572,0.6951269692881008
77,1.0305535589670844,37.0,46.26192523508249,0.69500902178082
78,1.01158112947545,37.25,46.767056956580696,0.6946396828249265
79,1.058186852444134,37.45,47.26608409422505,0.6943106637961678
80,1.063629048211914,37.4,47.76442212786397,0.6938776702595186
81,1.0204132677043152,37.5,48.265012426537496,0.693905224476755
82,1.0364953129892662,37.35,48.76740835946817,0.6937700397471731
83,1.0500508058299882,37.55,49.26837761498887,0.6935743616105234
84,1.0602915570025284,37.65,49.7628919071787,0.6934437462230967
85,1.0254771718886635,37.8,50.25760407800301,0.6934114209652227
86,1.0263201900775722,37.75,50.75543499124215,0.693362533910378
87,1.0633039349910955,37.75,51.2498745792125,0.6930441461255235
88,1.0433609207561836,37.9,51.74250141969926,0.6928158538938488
89,1.062226446776125,37.8,52.23615151359984,0.692758526757857
90,1.0253268832524036,37.85,52.725616860814206,0.692473297089958
91,1.0767746764976847,38.0,53.21381779569553,0.6922346158390162
92,1.0073214430891075,38.1,53.69921110041766,0.6920865118152935
93,0.9860051757764533,37.9,54.19251410214631,0.6914651475320275
94,0.9854829315312112,38.25,54.680558547286616,0.6913809370221269
95,1.0201682799062792,38.25,55.171802725303195,0.6913057025480206
96,1.0481557454192758,38.1,55.66506733181405,0.690875816295949
97,1.047334737567107,38.05,56.15427279139991,0.6910842706043833
98,1.0647289704333809,38.1,56.64867885086405,0.6908214174930144
99,1.0171668304571646,38.3,57.138479969415634,0.6905601752043123
100,1.0457994922991267,38.45,57.62795373843726,0.6905038966169432
101,1.0773575460221079,38.7,58.112680085471624,0.6903276940655182
102,1.0502319853720292,38.25,58.604143669966824,0.690068430194871
103,1.0545967288669793,38.5,59.094420446049504,0.6897385594273542
104,1.0925767647308853,38.550000000000004,59.57817621311554,0.6895569251890266
105,1.007374937988146,38.45,60.062058102621805,0.6896067600825528
106,1.023054298171178,38.65,60.55194869792602,0.6889872961640878
107,1.013388361438626,38.65,61.03667350390541,0.6887243722798092
108,1.0875516125724607,38.9,61.51597852116413,0.6887005407887163
109,1.058286700092411,38.75,62.00063865570059,0.6884735121102826
110,1.0750745065550686,38.85,62.48197074137022,0.6883270715561622
111,1.0957529033467912,38.800000000000004,62.96391717552389,0.6878631283852749
112,1.0401985091086448,38.95,63.44121740774422,0.6875981745846916
113,1.0806114804610691,38.95,63.91757936241467,0.6872928063358378
114,1.047563484530444,38.800000000000004,64.39516891467946,0.6871311912437851
115,1.0660045066514157,39.15,64.8717162645351,0.6868140921840304
116,1.0730901330138747,39.15,65.34803769339004,0.6865582927977562
117,1.0587464663739525,39.4,65.8208647523883,0.6862218549532315
118,1.0772768729394882,39.0,66.30007308537898,0.6859120920545922
119,1.0968070297889678,39.25,66.7774126218742,0.6856947363853855
120,1.0458556337756721,39.15,67.25773658540449,0.6854828164635647
121,1.0667255286143627,39.15,67.7359684014947,0.6853710674273676
122,1.044671420125932,39.4,68.21101204290035,0.6853212760287767
123,1.043303483935655,39.6,68.68479897227797,0.6849726415157027
124,1.0398697690285772,39.75,69.15374003967679,0.6848017207414622
125,1.0288905317091919,39.550000000000004,69.62085818688504,0.6845906655120726
126,1.0674364615658123,39.95,70.09101683530174,0.6841282303957098
127,1.0358240641451184,39.550000000000004,70.56231354498591,0.6837595161687747
128,1.0280698379375002,39.6,71.03477600734553,0.6835385044474996
129,1.0622758427061505,39.75,71.50045828485472,0.683334346465177
130,1.056824384548925,39.75,71.96789091078526,0.6832353113058217
131,1.082488192628106,40.050000000000004,72.43174888289631,0.6830784703735163
132,1.0305173267184211,40.050000000000004,72.89806373276353,0.6831874650158808
133,1.0594143281325041,39.75,73.36467805596178,0.6831734744057227
134,1.0594365561360737,39.95,73.83455368736128,0.6828260719118958
135,1.0676267759063411,40.300000000000004,74.301255307376,0.6824047407387216
136,1.0953640043418018,40.400000000000006,74.75625755981223,0.6820398161308628
137,1.0416969129125198,40.150000000000006,75.21718385794367,0.6816567934535183
138,1.0631283016184054,40.2,75.67931696565303,0.6813616895745451
139,1.0536516869403896,40.300000000000004,76.13939751979903,0.6811092160458442
140,1.065995164467735,40.45,76.59817477529478,0.6810128974285035
141,1.052595716996288,40.6,77.05439873060074,0.6811251644049282
142,1.1019619544366106,40.400000000000006,77.51504110131278,0.6809906676619562
143,1.1032802199910463,40.5,77.97282824196014,0.680460589789135
144,1.0560145751625076,40.8,78.42711054943103,0.6802409887064261
145,1.0887785029542394,40.45,78.88398514037885,0.6799596104877651
146,1.092296790362717,40.8,79.33843007307073,0.679946346295164
147,1.022142523297429,40.849999999999994,79.79274420752185,0.6797860072065502
148,1.0637337420658266,40.9,80.24478890916703,0.679700272193221
149,1.0528579761385621,40.949999999999996,80.6963049573706,0.6792997191650958
150,1.095958868381563,41.199999999999996,81.14286551600092,0.6787269903778443
151,1.0730536132595303,41.15,81.593672105625,0.6786097517646553
152,1.0548967807421927,41.15,82.04394944638736,0.6782525754010259
153,1.0765721805129653,41.349999999999994,82.49303938083386,0.6780421172861762
154,1.0583442466420336,41.349999999999994,82.94351984153906,0.678094704566454
155,1.093774001731011,41.449999999999996,83.38902898548437,0.6779135742716554
156,1.0731646540867703,41.65,83.8324951608089,0.6777147398158062
157,1.0839593923982003,41.449999999999996,84.28205505671404,0.6773857372132541
158,1.07737980389323,41.4,84.72720856615358,0.677211487503781
159,1.07087457758505,41.65,85.17100530774024,0.6773133512505607
160,1.0837926303486822,41.6,85.61573893874045,0.6774033016592116
161,1.1201344613374495,41.65,86.05906560723666,0.6773132179515768
162,1.033180019962662,41.949999999999996,86.50323113580757,0.677122373933288
163,1.0728591186659617,41.8,86.94810593660505,0.6770487975129337
164,1.0927387855030688,41.5,87.39455456783378,0.6767574593530131
165,1.0886192398029293,41.8,87.83336417137772,0.6768143107299821
166,1.1067798586381583,41.85,88.27639893323197,0.6765848376912326
167,1.0982036792866878,41.9,88.72340246454068,0.676137606378462
168,1.070043470515797,42.05,89.16229461866875,0.675984043282149
169,1.0979409614072155,42.0,89.6009461451776,0.6760047219772037
170,1.1042224012320618,41.949999999999996,90.04182353481218,0.6752897725176138
171,1.0744704352801158,42.3,90.48249306895403,0.6749670517901692
172,1.100881254029784,42.3,90.9167996565906,0.6749921702266749
173,1.0748187440013701,42.05,91.3514952776223,0.6750882000529195
174,1.088319353242497,41.85,91.79647432084145,0.6750411925444455
175,1.0406067138253363,42.0,92.23566003063743,0.6747486107952625
176,1.0897077057107247,41.8,92.67881501361012,0.6746407913250236
177,1.073427576601258,42.1,93.12101843899211,0.6742671733948965
178,1.0994986355318512,41.699999999999996,93.56554829755264,0.6743365339780366
179,1.063258917831811,41.75,94.00591076597652,0.6743929328799295
180,1.1068407177520794,42.05,94.44272009123027,0.6742898736061513
181,1.0971612900614964,41.9,94.88240172997702,0.6742485220410622
182,1.0849668490578726,42.05,95.32298363270769,0.6738658653561632
183,1.0736388666468972,42.25,95.76023122757324,0.6738319843762222
184,1.095351217669119,42.3,96.19721747077904,0.6738129569875639
185,1.1259785036924017,42.1,96.63577178562788,0.6737184029729393
186,1.099630259689125,42.25,97.07221026622493,0.6734394934335173
187,1.1013715596683094,42.15,97.50982311008445,0.6733068537882195
188,1.0709712800609077,42.0,97.96079219518937,0.6727619218023678
189,1.119277363816434,42.35,98.39847044729525,0.6724918957091106
190,1.1320047441517203,42.199999999999996,98.8347460245995,0.6725354352555912
191,1.1080784897714813,42.5,99.26996178998749,0.6721997539737035
192,1.1084441077504255,42.55,99.70246772367425,0.6717898143941341
193,1.0790650379879225,42.5,100.12874964736464,0.6718087260204121
194,1.1566917807842536,42.8,100.55984518163176,0.6716715856736268
195,1.1106152272765353,42.9,100.9865539259689,0.6712237333893003
196,1.1080889813736021,42.85,101.41088373687882,0.6713261673067192
197,1.1181995021172573,42.55,101.84181019631828,0.6714331862578747
198,1.0967455601278822,42.699999999999996,102.27206488091906,0.671148459882052
199,1.1048958337977544,42.8,102.70192355726691,0.6712074256630779
200,1.1194835603141924,42.6,103.12864041931263,0.6708098816623586
201,1.1282230632648598,42.5,103.55902760998427,0.6707306846460845
202,1.099919174047815,42.6,103.98827242228056,0.6706490354039882
203,1.1153221290444126,42.5,104.41966462184884,0.6703058841315052
204,1.1057547445557998,42.95,104.84370390517363,0.6702820403170001
205,1.0986831590424129,42.75,105.27184321274484,0.6699892265115941
206,1.097405242723107,42.85,105.69882763011958,0.6699163517129442
207,1.1223361502286453,42.85,106.12677527338356,0.6695612309318242
208,1.0458140036661803,42.6,106.55618551479566,0.6693386170550537
209,1.091266808738307,43.15,106.97824256905798,0.6692312640253465
210,1.0884768109913199,42.8,107.40492339428401,0.6693195557484816
211,1.0851472248185177,43.05,107.82722300700931,0.6691583397088214
212,1.0780473908239836,43.25,108.24692720168609,0.6688771136295046
213,1.149573946597531,43.2,108.67083909850948,0.6691543896631945
214,1.1101215744942086,43.45,109.0882269770426,0.6689399908912603
215,1.1007871785425012,43.25,109.51550124739916,0.6687872601788216
216,1.0965106684751136,43.25,109.94194628392346,0.66853161752377
217,1.147423362737859,43.05,110.37124067128138,0.6683486330878518
218,1.0798729648725551,43.45,110.79111278411372,0.6682618137569164
219,1.0737245888295215,43.1,111.21461589755039,0.6681127377509191
220,1.142540900873654,43.5,111.6340245733735,0.6680729774969807
221,1.0891081431466312,43.3,112.05741820550675,0.6677418978624501
222,1.1331153329287558,43.35,112.48109000497807,0.6675677984398577
223,1.106194457970269,43.3,112.90222557800077,0.6673432954747373
224,1.0714364868060817,43.75,113.31665785201022,0.6672827337144557
225,1.132926222380983,43.7,113.72959628172615,0.6671356293425711
226,1.1069209009195204,43.7,114.1458400061921,0.6667970891521526
227,1.0612206539584188,43.8,114.56367572414476,0.6664896394932914
228,1.1367297211619902,43.55,114.98696959024645,0.6665609513036168
229,1.0926805291509347,43.9,115.40196854941236,0.6665330536295999
230,1.119907291138477,43.65,115.81740134613474,0.6662402332084636
231,1.1255934432901908,43.75,116.23422596425064,0.6662806360773338
232,1.1019939746965326,43.8,116.65011226643065,0.665830890100031
233,1.0882356679199392,44.05,117.06134239921874,0.6653267411013225
234,1.0644965718431316,43.75,117.4811822205546,0.6655873247308223
235,1.1367222563288135,43.95,117.89257928999453,0.6653486477839623
236,1.090293253618427,43.9,118.30543952917193,0.6648502412463764
237,1.1166518607502722,43.75,118.71970584531596,0.6645491742200568
238,1.1131291870144275,44.25,119.12587426453037,0.6645209040879684
239,1.080787554610856,43.9,119.53572656946373,0.6644115521290725
240,1.1331950476552206,44.0,119.94436334254365,0.6642663569249586
241,1.0771153877074413,44.0,120.35436926902142,0.6641545408752053
242,1.1297400923443421,44.1,120.76435241689178,0.6642822809272687
243,1.117381533414694,44.2,121.17173759537533,0.6641982939697135
244,1.1262095859130818,44.1,121.57657189112497,0.6640197945274106
245,1.1023411208659437,44.55,121.98023516109745,0.6639824935259209
246,1.12262411694521,44.05,122.39033158484284,0.6639503885549543
247,1.082575129542027,44.5,122.79400092490307,0.6637670043332962
248,1.1396002280298931,44.55,123.19578519992396,0.6635343161065328
249,1.1115511968110428,44.6,123.59902720826446,0.6632973199483896
250,1.1501244333374945,44.9,123.99955754313015,0.662952163131452
251,1.1179131412022643,44.800000000000004,124.40409585269373,0.6633185304818078
252,1.1185634967269673,45.050000000000004,124.80777379480658,0.6631075735114336
253,1.070279667492609,44.95,125.21020972110294,0.6628517577658471
254,1.1094877821758902,44.800000000000004,125.61270181402314,0.6623991955487054
255,1.1308959673880965,44.9,126.0156567248328,0.6620763997315312
256,1.1515361907265194,45.050000000000004,126.41454042626098,0.6618766547410945
257,1.122155953549316,44.7,126.8208188390908,0.6614400967641569
258,1.1321400258706915,44.75,127.22439943510174,0.66147704000751
259,1.123296185008644,45.1,127.61832063257282,0.6613720391747014
260,1.1337143768344868,45.050000000000004,128.01959117378394,0.6612545616194402
261,1.145074499330077,45.0,128.4189090446308,0.6612601074045708
262,1.183074287000227,45.15,128.80933350153092,0.6611794208529751
263,1.1606875644956207,45.1,129.20138836555185,0.6608833543779724
264,1.1346923615247884,45.15,129.59545054742608,0.660628408686544
265,1.123228163838382,45.2,129.99461356920423,0.6606810126816801
266,1.1400391635193792,44.95,130.39111142776179,0.6605788431932064
267,1.1261908692364937,44.95,130.7879694362979,0.6603442695639264
268,1.1504968350530904,45.300000000000004,131.1828349230072,0.6601064385052562
269,1.1008314368770389,45.4,131.57889547207418,0.6602383494054767
270,1.0908745109670297,45.4,131.97888492772032,0.6604529744524144
271,1.1559530003395728,45.7,132.36683939972622,0.6603005685409976
272,1.14026095792549,45.65,132.75934533290985,0.6602639391652199
273,1.1576413048057512,45.7,133.15293999160392,0.659806532648709
274,1.1482818044319802,45.75,133.54196108077073,0.6597061548104728
275,1.168961465252715,45.7,133.92745876121697,0.6596100722284167
276,1.1369208879808834,45.800000000000004,134.3211041165358,0.6594212148781113
277,1.1457697432260388,45.800000000000004,134.71123017349717,0.6593945285184183
278,1.1187476907855995,45.65,135.101458981862,0.6593931365896646
279,1.1506745797153248,45.9,135.4877209436839,0.6592129273026276
280,1.1530578910009548,46.0,135.8747946463628,0.6591048338624816
281,1.1433073818397392,45.9,136.2607520396679,0.6590546346785976
282,1.1590525079197278,45.95,136.64551372157754,0.6591545802052634
283,1.1150062369046159,46.2,137.02966272222747,0.658770432368289
284,1.1540952909293085,45.9,137.41778330979776,0.6585057576374267
285,1.1349886496216874,45.75,137.8074470599605,0.6583928318923182
286,1.1452494603888554,45.85,138.19504467646152,0.6582881838214556
287,1.1377997831795337,45.800000000000004,138.5855908176733,0.6582063763296633
288,1.136891973990818,45.9,138.97106667333745,0.6579766519648143
289,1.1309855158731297,46.1,139.35870340792596,0.6576669812223569
290,1.1472300484299092,46.150000000000006,139.74276318468688,0.6577009103561532
291,1.1394856279438819,46.050000000000004,140.13130691565758,0.6575924383864571
292,1.1549306606356338,45.85,140.52323976991104,0.6573371925070716
293,1.1467134242406858,46.0,140.91050779801424,0.6570261061722928
294,1.1151482788058171,46.050000000000004,141.30245749976075,0.6569723215109836
295,1.1036025221729424,45.95,141.69347069320906,0.6563824696056569
296,1.1161461686581273,46.2,142.07748648467424,0.656311409296878
297,1.1797467248882303,46.400000000000006,142.46219563194876,0.6562515410188919
298,1.1397073642197602,46.2,142.8474324708507,0.6559707320234771
299,1.1114864052904792,46.050000000000004,143.24039023105664,0.6554771107077965
300,1.1544994036448282,46.35,143.62168275246256,0.6551066267020969
301,1.1372877635732084,46.25,144.01051446705782,0.6549845757686072
302,1.1468796291703232,46.5,144.39475960600015,0.654839962004233
303,1.1664636917649474,46.2,144.77869567795014,0.6547077551524239
304,1.1438313690284947,46.0,145.16332157115764,0.6548479514502861
305,1.1621840214995787,46.400000000000006,145.5436848229364,0.654729676827098
306,1.1599173830757097,46.35,145.9259541791193,0.6544837166161418
307,1.134210006660087,46.6,146.30307658075722,0.6545017785126497
308,1.1406372237794515,46.400000000000006,146.6893288993022,0.6544029299753553
309,1.1547705714295764,46.150000000000006,147.0761338455209,0.6540723330497027
310,1.1991920676351933,46.550000000000004,147.4588724331733,0.6539014597434254
311,1.1291434084402654,46.35,147.8449360820109,0.653587705462107
312,1.1391035552919697,46.650000000000006,148.22339026140185,0.6530554545744025
313,1.1462388744503542,46.400000000000006,148.60943520837543,0.6527674487044393
314,1.1224997076584022,46.75,148.9878206085882,0.6524553328108675
315,1.145888712449302,46.75,149.36135058615045,0.6524514013817259
316,1.149293143596012,46.650000000000006,149.74170558032927,0.6524324128875442
317,1.160872142672075,46.7,150.11996253619662,0.6522260441929769
318,1.1948361053546324,46.75,150.49335991584783,0.6521010402497671
319,1.1694680581347359,46.650000000000006,150.86619301841884,0.6522090727044041
320,1.1697804902173428,46.650000000000006,151.24150316410498,0.6519796198421549
321,1.1426014721430287,46.45,151.62364117528514,0.6518486222876049
322,1.1698223480559078,46.6,151.99999395003505,0.6517176856571634
323,1.1652330280221046,46.35,152.3848102036753,0.6513690329871261
324,1.144153959057357,46.650000000000006,152.76617483314328,0.651375030360364
325,1.1521111389553707,47.0,153.13838897034802,0.6510246276214937
326,1.1676271389046995,46.949999999999996,153.51306112382852,0.6510347316111068
327,1.15533025678759,47.3,153.88258202876284,0.6508227417316927
328,1.1564286071186285,46.9,154.26127972025233,0.6505463701934975
329,1.1814577767585976,47.099999999999994,154.63997750399815,0.6502224425623143
330,1.166109584603657,47.05,155.01378155163104,0.6497688149470925
331,1.152948096539413,47.3,155.38056120739637,0.6497378156196301
332,1.1435276172931623,47.5,155.74945684630893,0.6495039449544626
333,1.1309620220336742,47.4,156.12138026000753,0.6494288938263955
334,1.2007242835479774,47.25,156.48879533984746,0.6494605606166772
335,1.1841784541503417,47.65,156.8549778486159,0.6494393850568717
336,1.1766380622809096,47.25,157.22586646282753,0.6494059623646321
337,1.1786268808893574,47.65,157.5927836558386,0.6491031186360983
338,1.115212339505332,47.65,157.96421539442377,0.6489924043679657
339,1.1942895449609638,47.75,158.3288214637066,0.6488701134417395
340,1.1596977947542992,47.55,158.69689037415444,0.6485089060318385
341,1.1841826759487912,47.55,159.06343226603937,0.6486049180135205
342,1.1338945474154847,47.65,159.42629430027404,0.6484340697332369
343,1.1468260134623254,47.65,159.7878006407937,0.6482488411872905
344,1.200202853342636,47.599999999999994,160.15274182372463,0.6479080880146909
345,1.1071773104069436,47.8,160.51460533376576,0.6478522610841047
346,1.1531096194234698,47.65,160.8861997827802,0.6477438222561519
347,1.1752913239900844,47.8,161.25203368206547,0.6477258200715226
348,1.1588565396971466,47.75,161.61689123241095,0.6478914384650188
349,1.175991941927302,47.699999999999996,161.98786364733206,0.6471793974270823
350,1.2230619646214596,48.05,162.35001021677178,0.6470532426577428
351,1.2334409433323834,48.15,162.7094864676609,0.6468748110163015
352,1.2048061116524238,48.15,163.06722178130707,0.6464948234910898
353,1.1395367102003227,48.35,163.42139658765564,0.6464717955066326
354,1.1780399540859265,48.449999999999996,163.77896798384904,0.6462064644793095
355,1.1620628107134565,48.1,164.13724384238793,0.6459584204213834
356,1.1845232581486942,48.449999999999996,164.49366307880328,0.6458653805527891
357,1.1576327160189688,48.449999999999996,164.84730999069888,0.6456234552082546
358,1.2204256426777018,48.0,165.20761190280342,0.6456695511036254
359,1.1717071237136298,47.949999999999996,165.56833944741894,0.6453613502367874
360,1.1633892921923363,48.0,165.9256206605582,0.6451015104633313
361,1.1598536682227176,48.25,166.28451211533428,0.6450364769642494
362,1.1458435415448653,48.05,166.64217662520917,0.6449973980959861
363,1.1400767300248136,48.199999999999996,166.9986399305416,0.6449086976923837
364,1.165635171004239,48.4,167.35133063186237,0.6444306031032655
365,1.1675647671146132,48.449999999999996,167.70815579069895,0.6441143369059108
366,1.186424526072906,48.5,168.06288729564733,0.6441896060516359
367,1.1325428171345204,48.5,168.4157081466013,0.6440041972335095
368,1.186199864751255,48.4,168.76616200317446,0.643913817396728
369,1.1655871151701291,48.65,169.11396283212056,0.6438068521640076
370,1.166234093031191,48.65,169.465986658415,0.6434911193481067
371,1.1580055356799028,48.85,169.81251004053976,0.6431382540287196
372,1.179555332599311,49.0,170.1548343208771,0.6431539709105427
373,1.1577415966273845,48.75,170.50507610859947,0.642631680064601
374,1.1743942018868108,48.9,170.85277130131104,0.6424690088026455
375,1.1894884022068077,49.2,171.1970227363527,0.6421611933848393
376,1.156110013594601,48.9,171.54682683440387,0.6421345032993738
377,1.1701260901859905,48.9,171.89674441247627,0.6420364883849092
378,1.175552946028477,49.0,172.24438096068926,0.6417455499997544
379,1.1931886538990024,49.15,172.58990817029292,0.641419467420185
380,1.1566595287012764,49.1,172.93693680149886,0.6412543094752949
381,1.1909204808177354,49.1,173.27764323343234,0.6411753233451266
382,1.129329426524727,48.65,173.62896293937558,0.6409400319871803
383,1.1828919001733447,48.949999999999996,173.97271459388517,0.6408940394383699
384,1.162740916347847,48.85,174.32413706379057,0.6404756615537716
385,1.2181596260406482,48.65,174.67180484501142,0.6404306532422673
386,1.1847965552651218,48.75,175.02239179176388,0.64013664292347
387,1.1895971723663192,48.949999999999996,175.3761871901641,0.6398128760614896
388,1.192449913473185,48.8,175.7244253006332,0.6396226552123278
389,1.166318828457617,49.05,176.0748852210833,0.6392527873695875
390,1.179138555295717,49.05,176.4238660667131,0.6388000051685413
391,1.1916099048648916,49.25,176.76992126129053,0.638640374188883
392,1.203983462157856,49.35,177.11150001829844,0.6385791451813966
393,1.1615034805668802,49.45,177.45204153965844,0.6386390066374096
394,1.1825369103114354,49.35,177.79138910322342,0.6384696852837183
395,1.1639321289848348,49.45,178.133199628583,0.6381098266227038
396,1.1775582100699695,49.25,178.47543706541492,0.6379122304624653
397,1.1889493526148223,49.2,178.81981303305935,0.6378305057873708
398,1.191741232241657,49.15,179.16782245628116,0.637614046400522
399,1.1768890630449096,49.2,179.50962011392534,0.6375822127847113
400,1.1285888059291607,49.25,179.85305628775788,0.6375237445821447
401,1.1813638102946449,49.4,180.2017541772329,0.6374538169049359
402,1.1693271541584407,49.15,180.55261124181555,0.6375339921863369
403,1.1801716030383202,49.15,180.898128329299,0.6374397737133477
404,1.1953503953746967,49.6,181.23439034206382,0.6370632674599772
405,1.1764885856000176,49.4,181.57720155289363,0.6368935992023418
406,1.2394300858535758,49.45,181.91635960999233,0.636962126522462
407,1.1445354828238958,49.5,182.25519317328553,0.6367967952079836
408,1.1778791772250676,49.55,182.59451209223553,0.6366684706192803
409,1.184575333589702,49.4,182.93892366766855,0.6364378105514312
410,1.1902981916794257,49.55,183.27671764799183,0.6362791776624452
411,1.1823038723269788,49.6,183.61440053515244,0.6360163278347963
412,1.206698949817892,49.6,183.95730850105826,0.6357020799369072
413,1.1586928734403887,49.65,184.29321149771596,0.6354639190108471
414,1.1611486188631914,49.65,184.6275474142312,0.6354877338243023
415,1.1481967563938982,49.7,184.96354830862464,0.6353425021730207
416,1.1767364489795349,49.5,185.30590472303652,0.6350018807823272
417,1.2144440146074158,49.2,185.65030125953953,0.6350715759157577
418,1.163813789349936,49.75,185.98779856293726,0.6349604966808353
419,1.1696404947993995,49.65,186.32520515751412,0.634906540565045
420,1.1559140349486543,49.7,186.6612098979613,0.6349659850790752
421,1.17859267898653,49.4,187.00428422069484,0.6349991648737335
422,1.2012982800136807,49.65,187.34302877703746,0.6349515456408855
423,1.214296251178795,49.75,187.6789847595476,0.6349183671546167
424,1.1986873474164186,49.3,188.0210915329327,0.6350004904319146
425,1.1746476484870583,49.6,188.35916110196666,0.6347598795273031
426,1.2007401939017395,49.8,188.69710635766663,0.6345548262603115
427,1.2107731487925042,49.7,189.0310535555677,0.6345150071063497
428,1.1968643117733115,49.75,189.3668014566444,0.6345149753382281
429,1.216278136050865,50.05,189.69991962032185,0.6342172130154807
430,1.1699851985181957,49.8,190.04008751909092,0.6340349087375423
431,1.2272864496537415,49.95,190.3776012443366,0.6338539375803595
432,1.157041302708805,50.14999999999999,190.70809773602738,0.6336310857188763
433,1.2058790433226318,50.24999999999999,191.04084232703272,0.6337084084708452
434,1.209164205521683,50.14999999999999,191.37674861455406,0.6334256921294408
435,1.2580688201596668,49.95,191.71733692689799,0.6336244871868508
436,1.2093891739237883,50.05,192.05363729887043,0.6335259981674515
437,1.1754610002743717,49.75,192.3941454368249,0.6332348657327744
438,1.1770750293558678,49.75,192.73886208344814,0.6329542744597828
439,1.1919827382864467,49.9,193.07836344292338,0.6328141724779116
440,1.2026947389097509,50.1,193.40723543565775,0.6328794935089309
441,1.2007106760652406,49.85,193.74390275235163,0.6327296738023763
442,1.1663045819453195,50.1,194.0788023485564,0.6324371101249207
443,1.1851560371930467,50.3,194.40907827503668,0.6324255961668147
444,1.2057587309154736,50.14999999999999,194.74060452843005,0.6322817929252259
445,1.2180741203225511,50.05,195.07414982731407,0.6318713813677052
446,1.1892665098622692,50.2,195.41111784125525,0.6317646331882961
447,1.2152197292511118,50.24999999999999,195.74398544755275,0.6315054166203105
448,1.1903339366787853,50.3,196.07872490871793,0.6313205077772138
449,1.2397882775369395,50.55,196.40827476242197,0.6312479369580173
450,1.1878350504308686,50.5,196.73742410093948,0.6311181000937124
451,1.2122573165416033,50.7,197.06563500264318,0.6309351198366051
452,1.2293505050718414,50.64999999999999,197.39116990452663,0.630785034746876
453,1.2096897878678012,50.349999999999994,197.72292136840443,0.630435652924583
454,1.1933368414394958,50.55,198.05612309408997,0.6301741909477494
455,1.1719556533031503,50.24999999999999,198.39083354481295,0.6297206939733152
456,1.1790712971009525,50.449999999999996,198.72305133843633,0.6297992965692302
457,1.1936950009969731,50.55,199.0553381629311,0.6294597853509336
458,1.2445678861321186,50.64999999999999,199.37650887916703,0.6294700542044873
459,1.2185632190665403,50.5,199.70620181556941,0.6292867198791768
460,1.2057951584604238,50.6,200.0326076122716,0.6290837608264929
461,1.218782632287382,50.349999999999994,200.36316368724,0.6291881307646979
462,1.1750483936950193,50.4,200.69509356793552,0.6290410216857717
463,1.1946352456421323,50.2,201.02718126995222,0.6289335445801063
464,1.2108518304124258,50.349999999999994,201.35845151078757,0.628772174007536
465,1.1791081876670289,50.74999999999999,201.68699752650886,0.6286941502036151
466,1.1666741653284665,50.9,202.01180500241182,0.6283547313990441
467,1.2007798060414114,50.849999999999994,202.3391367534629,0.6281947889106898
468,1.177373784638739,50.74999999999999,202.66616052772886,0.6280650362305954
469,1.1860055517616614,50.949999999999996,202.988428822878,0.6279087379495771
470,1.1995455588005366,50.8,203.31466992220535,0.6277605137839298
471,1.1865195293493964,50.7,203.63762561543308,0.6275317695662885
472,1.2176986485659966,50.8,203.96191873929106,0.6272091076084471
473,1.2238502433127936,51.2,204.28040334671246,0.6270321003286758
474,1.1848718813877015,50.849999999999994,204.60620647056535,0.6271793979620441
475,1.2235630126592312,50.7,204.93532915350323,0.6266911535043975
476,1.2225042740439716,51.0,205.25668545048472,0.6265793096681462
477,1.1722554470033335,51.15,205.57829511192423,0.6263017997798555
478,1.1878309544199066,50.849999999999994,205.9092087218771,0.6257684550690704
479,1.223517745446557,50.949999999999996,206.23560683476896,0.6256411844606606
480,1.2232817765517252,51.24999999999999,206.5584989390492,0.6254973828301222
481,1.2382269427153585,50.9,206.8809981069648,0.6253160813741231
482,1.2320605191274583,50.8,207.21004406112493,0.6253135845352799
483,1.2162757261652728,51.5,207.52676921188035,0.6251609800093687
484,1.1979511827759755,51.2,207.84939392231107,0.624863389165851
485,1.2010146486393494,51.15,208.17141634377253,0.6247515569472138
486,1.2156065507093963,50.949999999999996,208.50251347868306,0.6246146861231034
487,1.1908383894995502,51.2,208.82461311330522,0.6244451917061148
488,1.193701379896641,51.1,209.14886303537173,0.6243186076675877
489,1.1994588174704868,51.24999999999999,209.46689833975108,0.6239885374887173
490,1.2221989837373974,51.24999999999999,209.78737410615804,0.624066748579275
491,1.1974464504393472,51.5,210.1078722513837,0.6239431941833024
492,1.2026031924410732,51.4,210.42415289093688,0.6234383278589292
493,1.179277920772931,51.7,210.73804894711392,0.6231737937697117
494,1.2036646449387152,51.55,211.0561539940221,0.6230906972497149
495,1.23212227757989,51.349999999999994,211.37309837636684,0.6231108202825993
496,1.237137751225637,51.74999999999999,211.6862228098929,0.6227793034917163
497,1.1889961476664859,51.349999999999994,212.0012545270696,0.6227521937414564
498,1.1852502170497017,51.6,212.31847543171946,0.6223860841904344
499,1.176194959132622,51.4,212.63239565270692,0.6221432143254682
500,1.2432295189891822,51.5,212.95303957867753,0.6222079264962381
501,1.238284276014843,51.24999999999999,213.2780548273834,0.6221307264595284
502,1.2218880282689222,51.55,213.59293649218174,0.6220451427753634
503,1.2153444628270451,51.800000000000004,213.9070527784825,0.6220721941340379
504,1.2431778366642863,51.800000000000004,214.21689768615084,0.6221404664859582
505,1.2396670583784255,51.65,214.5327670941244,0.622076485248423
506,1.1991111276141668,51.449999999999996,214.85026845278486,0.6222039241271007
507,1.2278386692682324,51.7,215.15958747088348,0.622087295173474
508,1.1842132960836194,51.5,215.46801180119004,0.6218318995012236
509,1.1841073938475863,51.300000000000004,215.78340332341162,0.6217699352999081
510,1.196114635937114,51.2,216.10338642018777,0.62190146962557
511,1.2186138456391102,51.24999999999999,216.42440162218824,0.6215010085163041
512,1.2241689678372747,51.349999999999994,216.7455266434042,0.6214036560576395
513,1.2262557911978957,51.5,217.0645650586014,0.6210693126710038
514,1.2027114169939486,51.849999999999994,217.37686633487561,0.6210044049462694
515,1.1989876330059879,51.74999999999999,217.6929173888873,0.620866533450924
516,1.2316698064520872,52.25,218.0005034799921,0.6210106012333461
517,1.2379054273277286,51.949999999999996,218.3172774066629,0.6206119625894692
518,1.2007844534821535,51.849999999999994,218.6296175200739,0.6207249693711647
519,1.2016372592948446,51.800000000000004,218.94267226736932,0.6203508401569178
520,1.2061141862005622,51.849999999999994,219.2598180708411,0.6201275850222091
521,1.19566494676902,51.800000000000004,219.57241133504425,0.6200374827586208
522,1.2447072366876162,52.05,219.88220269102257,0.6198982553545399
523,1.2337126851027482,52.05,220.1937545526893,0.6197843421288625
524,1.2742677859442737,51.9,220.50712400798594,0.6196045563610191
525,1.2331873124063026,52.300000000000004,220.8145422061789,0.6195643407914702
526,1.2558219253852296,52.15,221.12246786803684,0.619430595902745
527,1.2194877064141045,52.1,221.43124141216455,0.6191569446828594
528,1.2245952951966215,52.2,221.73567957901784,0.6192028602105958
529,1.195173760054975,52.15,222.04228496542888,0.6189817766092542
530,1.2259702060935318,52.300000000000004,222.34599042536794,0.6187875759966054
531,1.2441424971101092,51.949999999999996,222.65945857626076,0.6190399137412282
532,1.2291787545958395,51.949999999999996,222.96803456937374,0.6187753730665981
533,1.2510494525278448,52.449999999999996,223.27110322164543,0.6185730839122017
534,1.244413657527956,52.2,223.5780702695239,0.6181969981913148
535,1.1978408297795013,52.1,223.88577455775152,0.6183724822747835
536,1.2210210073927592,52.0,224.19201095591032,0.618356001675699
537,1.1998508293602825,52.1,224.50417369516938,0.6181878385459346
538,1.201843370622289,52.25,224.80926232099515,0.6180082042807871
539,1.2104058088249656,52.300000000000004,225.11223914206715,0.6180090527848547
540,1.190800484133567,52.349999999999994,225.4175445076849,0.61795399359767
541,1.193970132507165,51.849999999999994,225.7265490168364,0.6179814094302055
542,1.227565595994911,52.2,226.0343686986092,0.6177399010883025
543,1.2275065401264726,52.15,226.34219770121575,0.6170868159611672
544,1.2522900628490883,52.449999999999996,226.64176342552338,0.6171984850903406
545,1.228950509291424,52.400000000000006,226.94230095380055,0.6169057981921652
546,1.2613125105525562,52.300000000000004,227.249600591484,0.6169053266952111
547,1.2212307170004248,52.449999999999996,227.54913189877703,0.6169299812013427
548,1.2358671900253986,52.7,227.8502405402336,0.6167700254674361
549,1.2271634546959467,52.849999999999994,228.1506384043452,0.616551485586734
550,1.2526526729001457,52.5,228.45143949684748,0.6165669587994359
551,1.2245481567852892,52.65,228.75112781182276,0.616426061079246
552,1.2698669404806113,52.849999999999994,229.04665776777918,0.6163254113404291
553,1.2330313160152448,52.849999999999994,229.34757766475872,0.6162858882089651
554,1.2937125451550178,52.75,229.64743661856897,0.6161008927596915
555,1.243573371095804,52.949999999999996,229.94573893731607,0.616094160769705
556,1.2077109820408232,52.849999999999994,230.24220980726895,0.6161776520924268
557,1.2555226960648775,52.900000000000006,230.54179959253415,0.6160372338639296
558,1.2346171923406464,52.900000000000006,230.83830647440956,0.6159705748021658
559,1.2187213466106661,52.900000000000006,231.13360984893131,0.6159711904330248
560,1.2510232104752665,52.900000000000006,231.43110266294082,0.6159800780351923
561,1.212327611148182,53.25,231.72347132961207,0.6156758832352658
562,1.2322513749931718,53.15,232.01958263796155,0.615881342108976
563,1.2267017089202175,52.900000000000006,232.3177077482458,0.6154691426260924
564,1.225503166422198,53.25,232.60919822398327,0.6152809646756178
565,1.27378473526544,53.05,232.90865000286908,0.6152519366940997
566,1.2036438978065631,53.15,233.20391169853653,0.6151879825705423
567,1.2252031615082288,52.7,233.50773122999644,0.6149751621701286
568,1.1977671384160933,53.05,233.80340679929898,0.6148370391266647
569,1.263271215419298,53.15,234.09827798702975,0.6147148043496513
570,1.2548514642898505,53.15,234.38875158417702,0.614678865236346
571,1.2406193810170631,53.2,234.67996930407836,0.6145569089905948
572,1.2196261589795436,53.0,234.9751290884469,0.614077321491433
573,1.232692157507069,52.849999999999994,235.27022232354736,0.6141772893961719
574,1.2421090486822277,53.0,235.56784342315805,0.613843001353443
575,1.2682209651058025,53.25,235.85961264194881,0.6138069736601021
576,1.2292358516772315,53.15,236.15607375191357,0.6133534808697392
577,1.2630767828350071,53.15,236.4497506571021,0.6130687257495561
578,1.2250317014164296,53.349999999999994,236.7401789587169,0.6127804694232574
579,1.234463027505408,53.400000000000006,237.02858036518685,0.6126775096122025
580,1.2174336177584113,53.400000000000006,237.31669973106074,0.6125942692205799
581,1.2545400621526022,53.15,237.60729720813956,0.6123850661324218
582,1.2592611282005692,53.400000000000006,237.8963362467064,0.6120217164053202
583,1.2227236572114737,53.25,238.18534616488316,0.6117983792558959
584,1.2469588879087117,53.400000000000006,238.4728869341449,0.6117123825580965
585,1.2398050300744279,53.2,238.76499268336642,0.611868830290256
586,1.2304526945680476,53.05,239.06163661767656,0.6117188904354203
587,1.2255902497660187,53.449999999999996,239.34743339172235,0.6116554415416922
588,1.2240724989964173,53.300000000000004,239.63940800953276,0.6116250621995536
589,1.2230438456573307,53.300000000000004,239.92940504760432,0.6114539889442805
590,1.1977053807720746,53.05,240.2272765804633,0.6112078310055519
591,1.204650461432837,53.5,240.51527068426657,0.6111072366422692
592,1.258589886621681,53.6,240.8053711042157,0.6110565348441482
593,1.2437094700437297,53.400000000000006,241.09194644553926,0.6109730025799289
594,1.2102637121808753,53.2,241.3911244779092,0.6106982560668887
595,1.312177787826863,53.449999999999996,241.6801149779794,0.6106431447814694
596,1.2411021072365387,53.7,241.96443382213877,0.6107613354532363
597,1.269520649533944,53.65,242.25516232051217,0.6103592020675291
598,1.2515975268116033,53.900000000000006,242.54094981789746,0.6106271525604788
599,1.2349876772808164,53.6,242.82481670756616,0.6105461522387011
600,1.2668928546320917,53.7,243.10872678454274,0.6103856080270498
601,1.2028934419060626,53.800000000000004,243.39511637550305,0.6099650926248797
602,1.259107027442853,53.75,243.68236235552496,0.6098553014765455
603,1.2360545055268215,53.5,243.96966975713002,0.6098490118876165
604,1.2650703055888655,53.949999999999996,244.25360779119683,0.6096226443066233
605,1.2774219597129453,53.800000000000004,244.5427275463165,0.6097854779178614
606,1.2697026322073368,53.900000000000006,244.82650415402858,0.6097815016266978
607,1.2928970279655723,54.0,245.11033695466753,0.6096452731126348
608,1.2425525933820025,54.05,245.39517185140377,0.6096221780150977
609,1.2288790586114646,54.15,245.6826890820832,0.6096224487554429
610,1.2497373577095208,53.849999999999994,245.9710468575748,0.6095061014925276
611,1.266518217230756,54.05,246.25500458596358,0.6095679704440944
612,1.2359431384109423,54.1,246.5429336614378,0.6097805298990274
613,1.2377407347312306,54.05,246.8279376174836,0.6097997649638449
614,1.2254963980442841,53.6,247.12077912102166,0.6098576229216309
615,1.2775866024442017,53.800000000000004,247.40321489351683,0.6099512035646333
616,1.311573119134451,53.900000000000006,247.6910673291622,0.609743901107962
617,1.2933523381410377,54.0,247.97348379895266,0.6095193774692035
618,1.2140896606331846,54.35,248.2502357633612,0.6093481365693725
619,1.23275936238647,54.15,248.5323575590639,0.6091018171561594
620,1.2527909487319322,54.449999999999996,248.8111223763748,0.6089618985679814
621,1.2629006934505198,54.449999999999996,249.08873462648728,0.6089081819480683
622,1.2266710788898505,54.15,249.36645795645265,0.6088787451813183
623,1.281075343461088,54.1,249.65130294415334,0.6087625340538039
624,1.2752502029127974,54.35,249.93257007306994,0.6085183528302114
625,1.2062289615217199,54.2,250.21741955338902,0.6084045040250348
626,1.3191510195710956,54.6,250.4905070323441,0.608083366270262
627,1.2214851957067412,54.50000000000001,250.77197508246934,0.6080098218086533
628,1.2608335721035817,54.35,251.05384317274056,0.6079627998237978
629,1.2627297665588668,54.55,251.33155735772365,0.6080161891419439
630,1.239053497201199,54.65,251.60859251501802,0.6080723767586513
631,1.2896428879771362,54.2,251.88948098176746,0.6079125566129597
632,1.230117431275606,54.65,252.17245517255515,0.6077255915947275
633,1.30325050497968,54.50000000000001,252.4529503019446,0.6075792165498517
634,1.241839234950444,54.6,252.73637536276559,0.6073543988496615
635,1.2874780922107294,54.449999999999996,253.01553254768038,0.6076743272638471
636,1.2741199579095421,54.6,253.29074627260616,0.6075422833695393
637,1.290515797217504,54.449999999999996,253.5734360683752,0.6072613185232096
638,1.2607238671490033,54.50000000000001,253.85506159403275,0.6073195323082093
639,1.2115039204185025,54.35,254.13958484579814,0.6073274007865872
640,1.2396784507467864,54.65,254.42026959809945,0.6073086734506409
641,1.2611953095899,54.55,254.69978573777357,0.6072145630687571
642,1.2615320880947047,54.7,254.9792523309861,0.6069049665408552
643,1.2421410891303848,54.6,255.2606425309742,0.6068519126851072
644,1.2642261451539685,54.65,255.54147898462014,0.6067306257860501
645,1.229846917181933,54.65,255.8203829653781,0.6065314410551348
646,1.2295577652807252,55.1,256.0899895990192,0.6065338077929495
647,1.2671470327741052,54.949999999999996,256.36378209289535,0.6063188236436773
648,1.2163560882377753,54.50000000000001,256.6465859800238,0.6067207958556904
649,1.2317435889259907,54.55,256.92700295735017,0.6066632844841519
650,1.2082755499672566,54.55,257.2102373640678,0.6063826746972467
651,1.2526016863152933,54.900000000000006,257.49011991099684,0.6059586903227335
652,1.261100512874309,54.900000000000006,257.76735665124346,0.6060142029415148
653,1.2493924620748367,54.7,258.05408956176,0.6057190772715721
654,1.2588306302386771,55.300000000000004,258.32738011513413,0.6056595214944998
655,1.2610642233375784,55.1,258.60074997412715,0.6055892808592724
656,1.24226349919714,54.900000000000006,258.87843618648844,0.605466128128406
657,1.2227832167772936,55.25,259.15202377115514,0.6053521708036503
658,1.2443509726682427,54.900000000000006,259.42704638237973,0.605285817902395
659,1.2615004260259843,55.1,259.70078567796617,0.605121701139694
660,1.2423299964294379,55.25,259.9740778580421,0.6050247919336345
661,1.3037944540183088,55.1,260.2478944209644,0.604804194603256
662,1.2702101889331128,55.2,260.5216615517583,0.604844036800807
663,1.2439334097593775,55.00000000000001,260.80202173998646,0.6048477061619707
664,1.2574847811302996,55.15,261.0775472656909,0.6046858904370792
665,1.236231604861615,55.25,261.350606008499,0.6044303031697623
666,1.288798523782918,55.300000000000004,261.621473717511,0.6042766763978513
667,1.2645243102480257,55.25,261.8937193206521,0.6039719635170299
668,1.2916170825439217,55.2,262.1671227096378,0.6036411800615742
669,1.2416734260190636,55.300000000000004,262.44043921974674,0.6035338871668547
670,1.2762286474182234,55.2,262.71555291650793,0.603394636196287
671,1.2641720862908976,55.60000000000001,262.9833255734498,0.6030929858833326
672,1.2597992315178814,55.25,263.25908102828487,0.6029022034243737
673,1.2886732045869362,55.45,263.5353674729582,0.602755878096575
674,1.2683438582871036,55.60000000000001,263.80306720359204,0.6029679023898785
675,1.2297080672360645,55.35,264.073844581754,0.6028630706396816
676,1.2408563944243585,55.2,264.3506337402689,0.6025708244829919
677,1.264834284359681,55.2,264.62506579611744,0.6024742277809796
678,1.2403927962293402,55.2,264.89628110854807,0.602386089864561
679,1.2605037650797912,55.15,265.17174592946833,0.6021891866280791
680,1.2723187144479648,55.60000000000001,265.43948811250266,0.6019650022664063
681,1.2552935748231875,55.55,265.71538163474224,0.6015800623313159
682,1.2314951038433244,55.50000000000001,265.98647451128716,0.6016973468920573
683,1.2931293513452944,55.35,266.2574062154435,0.6016023264347325
684,1.2820271129259038,55.45,266.5328531777228,0.6015588038959013
685,1.2433329186637794,55.35,266.80498529288576,0.6016735548803044
686,1.2488039552988344,55.45,267.07609332710337,0.6016949302877643
687,1.2426515368913467,55.55,267.3526375044177,0.6013963100047302
688,1.2637822551735554,55.60000000000001,267.62714850943956,0.6012083848038643
689,1.259974382749675,55.55,267.9009314455642,0.6009806248486275
690,1.2554333419896078,55.45,268.17460381054997,0.6009961991459326
691,1.3140474008965808,55.60000000000001,268.4455926524865,0.6008341075436242
692,1.2506933116869396,55.60000000000001,268.71899885166056,0.6007691999950128
693,1.2921892341228678,56.05,268.9841996545369,0.6004097911902265
694,1.2982396121766606,55.75,269.2547973709971,0.6002692021283725
695,1.27497784440291,55.800000000000004,269.52545586928295,0.60012075957664
696,1.2886516521154878,55.95,269.79749586029493,0.6002575033093175
697,1.28556173157257,55.900000000000006,270.0696282296968,0.6000786393337033
698,1.2990491174273253,55.85,270.340925392992,0.6000211193129895
699,1.295410769872161,55.95,270.6057752512569,0.5998855267030536
700,1.2720127036168392,56.05,270.8740147628208,0.5997869543982173
701,1.237711335989991,56.15,271.1382288135001,0.5996394371977282
702,1.2502208899716314,56.25,271.40447510107543,0.5994558473374649
703,1.259840637579257,55.95,271.6764016782282,0.5993238920574968
704,1.2497643649724461,56.15,271.93999022444444,0.5992995034223693
705,1.2765517804112394,56.05,272.2076445691111,0.5992802494373503
706,1.2587063869991308,56.15,272.4772279845532,0.599106183545135
707,1.2547885610275757,56.10000000000001,272.7463695871781,0.5990076828888934
708,1.2924474420068288,56.2,273.01456901272246,0.598851397456206
709,1.2982706039874576,55.95,273.2798276782509,0.598789116338095
710,1.2617071039260863,56.10000000000001,273.5477459327565,0.5985062976529346
711,1.29093962704182,55.95,273.81679553446224,0.5984980375452703
712,1.238027092376008,56.2,274.0824615147281,0.5983019257559256
713,1.2702297992860716,56.2,274.35055309979157,0.5980789511462409
714,1.2417306362889435,56.05,274.6215671442785,0.5977174713921112
715,1.2372342174389916,56.2,274.8854282721211,0.5975881181394918
716,1.2760105333313763,56.3,275.146883918569,0.5974655569409287
717,1.283469572817174,56.2,275.41319881216526,0.5970806662150359
718,1.2333346758788466,56.3,275.67638031280484,0.5968173394328383
719,1.2532126765896714,56.2,275.9397156604549,0.5966528547432128
720,1.2371367387917507,56.35,276.2038704709832,0.5964552642532907
721,1.266191606914643,56.25,276.4712496313763,0.5965031291765954
722,1.290498488242145,56.39999999999999,276.73684887207304,0.5964361193217714
723,1.2737284257698736,56.49999999999999,276.99742569349587,0.5963239322423861
724,1.2850303676019226,56.3,277.2630610450047,0.5961137997357611
725,1.3035798150815114,56.85,277.52031964557517,0.5958658889307493
726,1.2937138475768937,56.699999999999996,277.7820224869935,0.5958141975317472
727,1.2345627333750746,56.49999999999999,278.03894467320697,0.5957665035988021
728,1.2341876952326931,56.45,278.29941720951297,0.5959030685798329
729,1.287886553828053,56.39999999999999,278.5635641719704,0.5957153341408532
730,1.274395473792648,56.35,278.82758364835047,0.5956244110250394
731,1.2896890735987423,56.85,279.08404587660107,0.5953373374721437
732,1.25721817980287,56.3,279.3508581031249,0.5951416006069883
733,1.287736242694724,56.75,279.6091227414267,0.5951893918902068
734,1.2577999911547582,56.65,279.86757016006374,0.5949709868611109
735,1.3142901896922452,56.699999999999996,280.1254858501917,0.5950092662357396
736,1.2463271683354031,56.55,280.3888491162706,0.5949648944812052
737,1.2662361774574764,56.699999999999996,280.64898054229565,0.5946911296264508
738,1.275732166104772,56.65,280.90858135655793,0.5944337393942625
739,1.2693693453699149,57.05,281.16595286631303,0.5943572372089523
740,1.2991663408262757,56.85,281.42185612176917,0.5945658026062852
741,1.2284336039490533,56.49999999999999,281.68729557793785,0.5945648298997867
742,1.281852650507405,56.89999999999999,281.94518442756834,0.5943156094319496
743,1.2518202184882126,56.3,282.20983576408116,0.5940849999042884
744,1.2634797897798022,56.699999999999996,282.46853169567066,0.593826015346468
745,1.302310941740144,56.65,282.7295594531511,0.593868185393437
746,1.2618654821578665,56.25,282.99519118913963,0.593935844493762
747,1.2502396404887157,56.49999999999999,283.2569563087964,0.5936935822553423
748,1.2735730329813186,56.65,283.51628822464625,0.5937978051754489
749,1.274242541284293,56.599999999999994,283.77093062325537,0.5935250841301268
750,1.2679213687565245,56.15,284.03286654261416,0.5934706651162152
751,1.2756651870497107,56.35,284.2933473434785,0.5931796009025466
752,1.3081040390112193,56.35,284.5565715945658,0.5930275939141032
753,1.2588616816175342,56.65,284.8162846585595,0.5928790507068049
754,1.2990027094310308,56.65,285.0745631987778,0.5929813440195544
755,1.3068383795845235,56.8,285.3288456782625,0.5926758212041766
756,1.3469823408193689,56.95,285.5787512866134,0.5924527646079017
757,1.2870878780255761,56.85,285.83707291042606,0.5923550490837043
758,1.2464829180224866,56.99999999999999,286.0928537936851,0.5922254172821401
759,1.2961011124618602,56.65,286.3548402235628,0.592035196486592
760,1.2789960452305063,56.89999999999999,286.6094510659865,0.5917260916556875
761,1.266166985058139,56.99999999999999,286.86218747468314,0.5915964781970928
762,1.326573569700561,57.05,287.11415736273943,0.5913987185004621
763,1.272618569839021,57.4,287.3624697729535,0.5914429487039459
764,1.2726622879682727,57.199999999999996,287.61446629422403,0.5913920460784163
765,1.2680023049634748,57.05,287.8685919822531,0.5912542669934588
766,1.2509328927429384,56.95,288.1298309467146,0.5910475373302212
767,1.2380256339239355,56.65,288.3942215683772,0.5908845360321402
768,1.2450061657544484,56.699999999999996,288.65700425969777,0.5906851471192794
769,1.2798146124213152,56.85,288.91797409269657,0.5905412220693237
770,1.2843834491250496,57.25,289.1682696747942,0.5903164065060806
771,1.2836866552834696,57.099999999999994,289.4214312607177,0.5902629521848305
772,1.279742636642684,57.05,289.67723094740546,0.5902647456171554
773,1.295028174417726,57.15,289.9342405306597,0.5901259963643934
774,1.2569679934305629,57.15,290.1879598882707,0.5898146653240576
775,1.2989162438551447,57.15,290.4465458221974,0.5896908987989268
776,1.2460225687634745,56.89999999999999,290.70738925971824,0.5894929891600516
777,1.2761041563773505,57.35,290.9540210663157,0.5895728895097828
778,1.3094053630240745,57.25,291.20200707528994,0.5894479123558679
779,1.3036175561990577,57.35,291.4534091034983,0.5893436640595748
780,1.2721492263947491,57.35,291.70341088487083,0.5891528438998811
781,1.2618621284622153,57.3,291.95646817333835,0.5888778674393542
782,1.243039611863922,57.45,292.2056095501243,0.5886875881233462
783,1.2667060792988818,57.35,292.46194681249654,0.588636482603151
784,1.2748539896040472,57.550000000000004,292.71265423153346,0.5883334820059385
785,1.301907422041697,57.49999999999999,292.95975440581117,0.5883711350131855
786,1.2948660033784416,57.550000000000004,293.21038675127375,0.5883008370098346
787,1.2699747873267342,57.599999999999994,293.45870670752663,0.5884939905477931
788,1.2582342712412893,57.25,293.7147729600334,0.5882172492504391
789,1.277419261557847,57.4,293.9651666665669,0.5877304940925245
790,1.2377226450688632,57.550000000000004,294.21650621485645,0.5876457960894751
791,1.3117054929091296,57.550000000000004,294.4617131694745,0.5877783530410936
792,1.2004111316467085,57.4,294.71467139001606,0.5876646670259746
793,1.250213345080355,57.49999999999999,294.9645347675501,0.5879013909324847
794,1.2729808041303408,57.49999999999999,295.2183307843894,0.5877280580483518
795,1.2707172665974527,57.199999999999996,295.47503927350067,0.5876932073127281
796,1.2778609879772944,57.35,295.732072689862,0.5874599489749438
797,1.2869364158208731,57.65,295.9769859501722,0.5872383275638543
798,1.293165925931668,57.65,296.22648296652176,0.5872611649006443
799,1.314200818803534,57.3,296.47898814413685,0.5868951182495649
800,1.2813962990460501,57.45,296.73146518384675,0.5867761980379653
801,1.284401639446686,57.550000000000004,296.9811228041367,0.5864956311836604
802,1.3199081908269015,57.75,297.22806182704977,0.5862697039555744
803,1.2893297742972663,57.699999999999996,297.4748654711575,0.5862615714505556
804,1.2948632091898882,57.45,297.7305543626885,0.5864193598331408
805,1.2788126721891833,57.4,297.9796729199962,0.5863706857847001
806,1.268193002989189,57.4,298.2335372606785,0.5862316802893417
807,1.234555241147368,57.3,298.49068428192226,0.5860328814585473
808,1.2567921585316035,57.65,298.73666105194246,0.5859168624964783
809,1.2610571861823612,57.49999999999999,298.9844539764925,0.585798311422602
810,1.2608970309551095,57.599999999999994,299.2325683296739,0.5854791702671397
811,1.3109914877004207,58.099999999999994,299.47183136582134,0.5853703207077511
812,1.2654677755056223,57.8,299.72114856777284,0.5851543854707203
813,1.3086134956293733,58.050000000000004,299.9630583242572,0.585263926691154
814,1.306985068613908,57.75,300.21234716968064,0.5852585641008025
815,1.257053120976058,57.699999999999996,300.4601034938044,0.5851136397400485
816,1.2986802860804683,57.65,300.71181605172677,0.5850890105637349
817,1.2963902243035055,57.75,300.9586448667589,0.5847617952223804
818,1.2839383945458098,57.65,301.20300011192927,0.5846895082127552
819,1.313500099537533,57.75,301.4495219064891,0.5845416968430951
820,1.3272096123478623,57.95,301.69218555933156,0.5844483481394602
821,1.3015100125575023,57.9,301.9444234188925,0.584272554923716
822,1.2821103715050957,57.8,302.192462220851,0.5841228756812947
823,1.3221127985402479,58.050000000000004,302.440122819006,0.5840156293301296
824,1.302952190756829,57.8,302.6905876854887,0.5839211221254988
825,1.2653748609536715,57.699999999999996,302.93968758764333,0.5838382061639097
826,1.2792377228004714,57.85,303.1876568087208,0.5838508873320415
827,1.292180270532168,58.050000000000004,303.4306405852236,0.583378824874196
828,1.2505815409859435,57.85,303.6769204820699,0.5832621293168583
829,1.2561602354376644,57.9,303.9232729038962,0.5830776492812869
830,1.2954797672216394,57.8,304.1725166218608,0.5832572345733753
831,1.3140593652789043,58.199999999999996,304.41520333705574,0.5830006202947747
832,1.2834664343226518,57.95,304.6629266345448,0.5830310628718534
833,1.2985265233904175,57.99999999999999,304.9071353771339,0.5828200510352279
834,1.276886799449002,57.9,305.15129141146895,0.5827155813791531
835,1.2930273606019118,57.9,305.402265729411,0.5822840719312488
836,1.278587917728806,58.050000000000004,305.64380880658774,0.5823025929413126
837,1.286458768282423,58.199999999999996,305.8834114810148,0.5820329209744731
838,1.257287429771292,57.9,306.1336668980312,0.5818462537234538
839,1.2795699201059505,58.25,306.3797729940728,0.5817822759530206
840,1.3236737259093163,58.45,306.6142031112271,0.58167217898942
841,1.2849763241117653,58.25,306.8577117314704,0.581549157197857
842,1.3140635544200343,58.050000000000004,307.10521557182847,0.5817464094939027
843,1.2725485764870146,58.45,307.34432365285465,0.5815965812857405
844,1.3339132970953804,57.99999999999999,307.5896923327644,0.5814592508301563
845,1.3070810158029649,58.4,307.82989455909615,0.5810819178341576
846,1.294213075326821,58.35,308.0728869995413,0.5807059047198907
847,1.294035616514078,58.699999999999996,308.30670294176497,0.5806333463530708
848,1.2796788265210626,58.45,308.5474457427672,0.5803446528457292
849,1.2625667261684639,58.45,308.7902922899475,0.5801041763390641
850,1.2908135717586051,59.0,309.0236767019532,0.5798598636817192
851,1.3215529056597104,58.9,309.25927152970024,0.5796811017462571
852,1.2426101496204307,58.199999999999996,309.51325671666757,0.5791723009531903
853,1.2578182335179482,58.75,309.74921770621427,0.5790880350278027
854,1.300065562328547,58.5,309.99261482460537,0.5789771554249719
855,1.2800822215930132,58.9,310.2271222188495,0.5788671798164937
856,1.3031103579028318,58.8,310.46430322972594,0.5786136878272892
857,1.2938652252066627,59.0,310.70069602036006,0.5786429724142113
858,1.2846286306288976,58.699999999999996,310.9457269826797,0.5784690905790953
859,1.2915410235352434,58.45,311.1860277630786,0.5785051060246852
860,1.2619437224107044,58.5,311.4332336758508,0.5783817416996612
861,1.2723729351936395,58.699999999999996,311.6715758558887,0.5782141598002939
862,1.2812709676866474,58.8,311.90730004178005,0.5781276054092734
863,1.305354422983438,59.25,312.1361157566956,0.5780736938174803
864,1.2971234103965765,58.9,312.3762888335533,0.5778599370678914
865,1.2548270161543311,58.599999999999994,312.62197485749476,0.5778201048053133
866,1.3202740785554719,58.9,312.86280408257323,0.5775372612382588
867,1.2784621998172432,59.0,313.1036056943067,0.577477248605665
868,1.2912933180474322,58.9,313.3401581948768,0.5770865932614176
869,1.2974682716378374,59.4,313.5666046163667,0.5769070845855999
870,1.2759490781576874,59.199999999999996,313.79653179256263,0.5767836983595949
871,1.3153758358751677,59.45,314.029754985564,0.5765234872620599
872,1.3135122201995233,59.3,314.2640992229773,0.5764065673203935
873,1.2736169823855716,59.150000000000006,314.4993377325077,0.5763163500846581
874,1.2968481505898304,59.150000000000006,314.7347454941539,0.5761527819224685
875,1.2863253929050102,59.099999999999994,314.9692609645518,0.5759467058197537
876,1.2830205702517106,59.0,315.2048265937436,0.5758967927949027
877,1.282581873148844,59.099999999999994,315.4450559099005,0.5756821084907332
878,1.3029648814458148,58.95,315.68440264881724,0.5756325971156576
879,1.2893840138086272,59.150000000000006,315.92082894862693,0.5757503503813076
880,1.2782720382882626,59.4,316.15351396653267,0.5757557437234132
881,1.3028582027187727,59.3,316.3898806192021,0.5755999672982894
882,1.274141092311591,59.25,316.6246364973866,0.5754763609598275
883,1.265623479094009,59.25,316.8567880479132,0.5752432548052651
884,1.2753712631939351,59.599999999999994,317.085152893019,0.5748897318775755
885,1.2926341753187436,59.4,317.31875047539916,0.5745771762055872
886,1.2875360554909174,59.4,317.5528724501507,0.5743751246577306
887,1.2878691436304364,59.4,317.7847795817716,0.5744875248706456
888,1.3138951880590863,59.050000000000004,318.0184767565362,0.5744655244201052
889,1.308587379464215,59.4,318.24829209453924,0.5741903238614597
890,1.3058977236499552,59.599999999999994,318.4755905931106,0.5739498239618696
891,1.3288331403860456,59.4,318.70602748648145,0.5737508498984806
892,1.3231356666166547,59.35,318.9437001537659,0.5735847455796432
893,1.274761699974384,59.4,319.1755139750164,0.5733215783707942
894,1.3568905648217495,59.650000000000006,319.40652724824133,0.5730552270707232
895,1.320421021296069,59.45,319.63846834057233,0.5727910262676917
896,1.317993389670844,59.699999999999996,319.8630716640727,0.5726395105356987
897,1.2845304558710662,59.85,320.08669940671496,0.5725938338072194
898,1.2935492883874529,59.5,320.3182013905378,0.5724226463858919
899,1.3281513616913674,59.599999999999994,320.5515382160723,0.5723187265025498
900,1.2405581509361,59.199999999999996,320.78814359655905,0.5719612077760394
901,1.3507171757817222,59.699999999999996,321.0112437031988,0.5718734274203519
902,1.3185280633318612,59.4,321.2435893689453,0.5718746972404407
903,1.3407813392644345,59.550000000000004,321.4717238271007,0.571725073768541
904,1.2917655143339934,59.699999999999996,321.70331528318746,0.5716423423666143
905,1.3252273642306527,59.599999999999994,321.9319010185755,0.5715955139010652
906,1.3051164123898686,59.650000000000006,322.15844908239717,0.5712384542337015
907,1.337233285535967,59.4,322.39254566362166,0.5713071234162695
908,1.3010265791363498,59.95,322.61476159769694,0.5712606019667142
909,1.3248315986998753,59.75,322.841305902998,0.5710000393817448
910,1.2768456570741984,59.5,323.0723605085452,0.5709175400928324
911,1.296568134226621,59.75,323.29885960845917,0.5707048413231594
912,1.2665053670144772,59.45,323.5294966612136,0.5704977948946426
913,1.3181986487699537,59.550000000000004,323.76139871027317,0.570342837801633
914,1.3078332878826868,59.4,323.9937194916232,0.5703494004534769
915,1.2954962435313349,59.3,324.22721057262896,0.5701951561101173
916,1.3133344708118284,59.25,324.4590842468604,0.5700359956922968
917,1.2944713794151719,59.35,324.69239946504445,0.5699034582229534
918,1.2865474612849495,59.550000000000004,324.917573759813,0.5697251787768985
919,1.3360433244187966,59.650000000000006,325.14675474753756,0.5696185011847824
920,1.2998178563665683,59.35,325.3742831995172,0.5694917481519394
921,1.3290165273363217,59.599999999999994,325.60230300916817,0.5694595701336443
922,1.3138702050691993,59.699999999999996,325.8321461433779,0.5693302953862874
923,1.2898790491674972,59.650000000000006,326.06246949678587,0.5690740436208919
924,1.3089849537901859,59.85,326.28652887443883,0.5690711918360681
925,1.3041625052966426,59.9,326.51212027692986,0.5688544863258516
926,1.3185472276292303,59.8,326.7388744060544,0.5688838376983657
927,1.2626226069963051,59.8,326.96243933696564,0.5688034784467733
928,1.3018745951618307,59.75,327.19121706782454,0.5685376510616781
929,1.3583327472151483,59.8,327.4126230565533,0.5685773153612261
930,1.2703263780322487,59.4,327.64674089205255,0.5683927349654072
931,1.319725025876334,59.9,327.87473114933925,0.5683517401577759
932,1.3013218056897586,59.8,328.10738592130804,0.568059740129858
933,1.3167526372945075,60.0,328.3304527327618,0.5680882720529311
934,1.3342849424634176,59.35,328.5651105138177,0.5679755971810251
935,1.3052954431116266,59.95,328.789726278561,0.5679115205308076
936,1.3130757910926552,60.050000000000004,329.0169768522345,0.5676724109207872
937,1.3227195035712302,60.0,329.2438080010508,0.56754219796942
938,1.3450537444392316,60.4,329.4611740954746,0.5675255549233407
939,1.3100533696267955,60.050000000000004,329.69064541005844,0.567445491492221
940,1.2780505929188968,59.699999999999996,329.92328111367704,0.5670102909303005
941,1.2934011983915532,60.050000000000004,330.1556541721388,0.5667227635642227
942,1.3171677775686004,60.25,330.38139146709534,0.5666264488978794
943,1.2999936033084996,60.0,330.60671020093105,0.5664114112700629
944,1.3004040711870324,59.9,330.8324842057836,0.5663590661995502
945,1.336949118701728,60.199999999999996,331.05106516636295,0.56631936946472
946,1.2957015451396638,60.099999999999994,331.27244637923945,0.5663419563394939
947,1.2956536196417299,60.3,331.49449970958705,0.5662141462296242
948,1.3516454096597068,60.0,331.72185205175157,0.5660420359571335
949,1.2834010066961559,60.3,331.94918339424464,0.5659848210556798
950,1.3166998095628601,60.550000000000004,332.1678838191839,0.5657695464274443
951,1.306711770486644,60.0,332.4011960220809,0.5655345025571816
952,1.3042218167093471,60.550000000000004,332.6209421029175,0.5653063710637083
953,1.2697023664135294,60.199999999999996,332.8420471331375,0.5651853750454011
954,1.2854385460511104,60.3,333.06880063057446,0.5650846952253412
955,1.3191514062287928,60.25,333.2914807531069,0.564597864521498
956,1.3383970911932608,60.6,333.5111190142895,0.564696650075621
957,1.3076507085312732,60.45,333.73348245222115,0.5646003089654085
958,1.2844422273218359,60.3,333.9555297316127,0.5645247445426766
959,1.2701719947731522,60.25,334.17944704527434,0.5646758789590207
960,1.3121005157203998,60.8,334.39301541340814,0.5644340138406899
961,1.3105562635174508,60.8,334.60867390971146,0.5645739383646343
962,1.2874435772125912,60.75000000000001,334.8280339333744,0.56469291122207
963,1.2929219630631021,60.35,335.0500581004226,0.564500884531569
964,1.3072539746337788,60.45,335.2722653135472,0.5643046086962846
965,1.3354226205445179,60.85,335.4879056212544,0.5642846764125181
966,1.31185304929487,61.0,335.6998738964259,0.5641814642783906
967,1.3193256342979465,60.699999999999996,335.9220960676135,0.5639971787332796
968,1.3072759992924865,60.5,336.1487659266492,0.5638932446872518
969,1.3136023097128953,60.650000000000006,336.3727901972177,0.5637254000908393
970,1.347070466190054,60.95,336.58789809373945,0.5635901121104151
971,1.3007862935301373,60.699999999999996,336.80713742199714,0.563230096901999
972,1.2955376156685616,60.6,337.0298787109679,0.5629489610950992
973,1.3394979176335962,60.8,337.2475950084029,0.5627573475838464
974,1.2926929358173327,61.0,337.46155205925754,0.5627967662443353
975,1.281026262317012,60.8,337.6847681962341,0.5626020358074556
976,1.3486170891112288,60.699999999999996,337.90868420226343,0.5623588316635688
977,1.3190000381621432,60.650000000000006,338.128250712214,0.5623083432774153
978,1.2999245055001825,61.0,338.3451626892969,0.5620800677809626
979,1.3327107594228005,61.050000000000004,338.56024473907115,0.5621118293115046
980,1.3291749757147848,60.75000000000001,338.7817473040925,0.5619566230934958
981,1.3280042563342407,61.050000000000004,339.0009081675594,0.5619116033514774
982,1.3279421310228723,60.85,339.22397632710397,0.5616453298617413
983,1.3430859241074655,60.9,339.44333993385686,0.5613472043205101
984,1.3097682874123022,61.050000000000004,339.65965351913366,0.5612440912011616
985,1.3257463635809112,60.95,339.8799009999923,0.561287998814101
986,1.3052756361349784,61.050000000000004,340.098969113825,0.5610649413999305
987,1.3416177905072906,61.150000000000006,340.3110458912877,0.5610076251794983
988,1.348557514680023,60.8,340.5283732695078,0.5606941562382074
989,1.3337007853035463,61.3,340.73966116941955,0.5605253561164023
990,1.29915147961136,61.0,340.9584033550477,0.5604267947895287
991,1.3065617346032696,61.3,341.1711409034658,0.5604389606706118
992,1.3062297922903403,61.0,341.3939697163313,0.560382570278463
993,1.321167248074565,61.0,341.61688141449093,0.5604604105536326
994,1.3651985356124139,61.199999999999996,341.833916382673,0.5603339189567689
995,1.3115369705127773,60.85,342.0525763797776,0.5602463689221929
996,1.3066299640429198,61.1,342.2661386868573,0.5601507599193736
997,1.3228312693275095,61.0,342.48325036887366,0.5599192480214964
998,1.322551127752373,61.1,342.7010454448591,0.5597070725777875
999,1.3622927891138727,60.9,342.9158621390571,0.5595716557800678
1000,1.316551537379391,60.45,343.1373249220775,0.5593810500987874
